ID,AUTHOR,WORK,LOCATION,TEXT,Vm,VM_LEMMA,VM_PERSONAL,VM_MOD,Vinf,VINF_A,VINF_B,VINF_C,VINF_D,Vinf_Cop,Obj,OBJ_A,OBJ_B,OBJ_C,Pred,PRED_A,pred_a_pos,PRED_B,pred_b_pos,PRED_C,pred_c_pos,PRED_D,pred_d_pos,PRED_E,PRED_F,PRED_G,Attr,Attr_B,CHECK,Anot,DIST_OBJ_PRED,GENRE,DIALECT,autor_legivel,Variation,pos_pred_a,OBJ_TH
29,Aeschines (0026),Against Ctesiphon (003),t.1,"ἐβουλόμην μὲν οὖν, ὦ ἄνδρες Ἀθηναῖοι, καὶ τὴν βουλὴν τοὺς πεντακοσίους καὶ τὰς ἐκκλησίας ὑπὸ τῶν ἐφεστηκότων ὀρθῶς διοικεῖσθαι, καὶ τοὺς νόμους οὓς ἐνομοθέτησεν ὁ Σόλων περὶ τῆς τῶν ῥητόρων εὐκοσμίας ἰσχύειν, ἵνα ἐξῆν πρῶτον μὲν τῷ πρεσβυτάτῳ τῶν πολιτῶν, ὥσπερ οἱ νόμοι προστάττουσι, σωφρόνως ἐπὶ τὸ βῆμα παρελθόντι ἄνευ θορύβου καὶ ταραχῆς ἐξ ἐμπειρίας τὰ βέλτιστα τῇ πόλει συμβουλεύειν, δεύτερον δ’ ἤδη καὶ τῶν ἄλλων πολιτῶν τὸν βουλόμενον καθ’ ἡλικίαν χωρὶς καὶ ἐν μέρει περὶ ἑκάστου γνώμην ἀποφαίνεσθαι·",ἐξῆν,ἔξεστι,FALSE,TRUE,συμβουλεύειν,συμβουλεύειν,NA,NA,NA,FALSE,τῷ πρεσβυτάτῳ,τῷ πρεσβυτάτῳ,NA,NA,παρελθόντι,παρελθόντι,P,NA,NA,NA,NA,NA,NA,NA,NA,NA,TRUE,NA,FALSE,NA,11,juridical,attic,Aeschines,FALSE,P,Agent
35,Aeschines (0026),Against Timarchus (001),150.1,"ὡς τοίνυν ἐξῆν αὐτῷ σωθῆναι μὴ τιμωρησαμένῳ τὸν τοῦ Πατρόκλου θάνατον, ἀνάγνωθι ἃ λέγει ἡ Θέτις.",ἐξῆν,ἔξεστι,FALSE,TRUE,σωθῆναι,σωθῆναι,NA,NA,NA,FALSE,αὐτῷ,αὐτῷ,NA,NA,τιμωρησαμένῳ,τιμωρησαμένῳ,P,NA,NA,NA,NA,NA,NA,NA,NA,NA,TRUE,NA,FALSE,Condicional,3,juridical,attic,Aeschines,FALSE,P,Agent
58,Aeschines (0026),The Speech on the Embassy (002),4.1,"ἐμοὶ δέ, ἄνδρες Ἀθηναῖοι, συμβέβηκε τῆς Δημοσθένους ἀκούοντι κατηγορίας μήτε δεῖσαι πώποθ’ οὕτως ὡς ἐν τῇδε τῇ ἡμέρᾳ, μήτ’ ἀγανακτῆσαι μᾶλλον ἢ νῦν, μήτ’ εἰς ὑπερβολὴν ὁμοίως ἡσθῆναι.",συμβέβηκε,συμβαίνω,FALSE,TRUE,"δεῖσαι, ἀγανακτῆσαι, ἡσθῆναι",δεῖσαι,ἀγανακτῆσαι,ἡσθῆναι,NA,FALSE,ἐμοὶ,ἐμοὶ,NA,NA,ἀκούοντι,ἀκούοντι,P,NA,NA,NA,NA,NA,NA,NA,NA,NA,TRUE,NA,FALSE,Válido para ambos os infinitivos?,7,juridical,attic,Aeschines,FALSE,P,Agent
59,Aeschines (0026),The Speech on the Embassy (002),28.1,"ἀφικομένου δ’ εἰς τοὺς τόπους Ἰφικράτους μετ’ ὀλίγων τὸ πρῶτον νεῶν, ἐπὶ κατασκοπῇ μᾶλλον τῶν πραγμάτων ἢ πολιορκίᾳ τῆς πόλεως, ἐνταῦθα, ἔφην ἐγώ, μετεπέμψατο αὐτὸν Εὐρυδίκη ἡ μήτηρ ἡ σή, καὶ ὥς γε δὴ λέγουσιν οἱ παρόντες πάντες, Περδίκκαν μὲν τὸν ἀδελφὸν τὸν σὸν καταστήσασα εἰς τὰς χεῖρας τὰς Ἰφικράτους, σὲ δὲ εἰς τὰ γόνατα τὰ ἐκείνου θεῖσα παιδίον ὄντα, εἶπεν ὅτι Ἀμύντας ὁ πατὴρ τῶν παιδίων τούτων, ὅτ’ ἔζη, υἱὸν ἐποιήσατό σε, τῇ δὲ Ἀθηναίων πόλει οἰκείως ἐχρήσατο, ὥστε συμβαίνει σοι καὶ ἰδίᾳ τῶν παίδων τούτων γεγενῆσθαι ἀδελφῷ, καὶ δημοσίᾳ φίλῳ ἡμῖν εἶναι.",συμβαίνει,συμβαίνω,FALSE,TRUE,"γεγενῆσθαι, εἶναι",γεγενῆσθαι,εἶναι,NA,NA,TRUE,σοι,σοι,NA,NA,"ἀδελφῷ, φίλῳ",ἀδελφῷ,N,φίλῳ,A,NA,NA,NA,NA,NA,NA,NA,TRUE,TRUE,FALSE,kai idiai... Kai demosiai,7,juridical,attic,Aeschines,φίλον,N,Experiencer
63,Aeschines (0026),The Speech on the Embassy (002),147.5,"καὶ συμβέβηκε δὲ αὐτῷ νέῳ μὲν ὄντι, πρὶν τὴν οὐσίαν ἀπολέσαι διὰ τὸν πόλεμον, ἀθλεῖν τῷ σώματι, ἐκπεσόντι δὲ ὑπὸ τῶν τριάκοντα στρατεύεσθαι μὲν ἐν τῇ Ἀσίᾳ, ἀριστεύειν δ’ ἐν τοῖς κινδύνοις, εἶναι δ’ ἐκ φρατρίας τὸ γένος ἣ τῶν αὐτῶν βωμῶν Ἐτεοβουτάδαις μετέχει, ὅθεν ἡ τῆς Ἀθηνᾶς τῆς Πολιάδος ἐστὶν ἱέρεια, συγκατάγειν δὲ τὸν δῆμον, ὥσπερ καὶ ὀλίγῳ πρότερον εἶπον.",συμβέβηκε,συμβαίνω,FALSE,TRUE,"ἀθλεῖν, στρατεύεσθαι",ἀθλεῖν,στρατεύεσθαι,NA,NA,FALSE,αὐτῷ,αὐτῷ,NA,NA,"νέῳ μὲν ὄντι, ἐκπεσόντι δὲ",νέῳ μὲν ὄντι,P,ἐκπεσόντι δὲ,P,NA,NA,NA,NA,NA,NA,NA,TRUE,TRUE,TRUE,Setting temporal com contrastes de tempo. Entra?,1,juridical,attic,Aeschines,FALSE,P,Agent
67,Aeschines (0026),Against Ctesiphon (003),91.6,"οὐδὲν γὰρ ἦν τὸ μέσον, εἰ μνησθεὶς τῶν προτέρων ἀδικημάτων ὁ δῆμος μὴ προσδέξαιτο τὴν συμμαχίαν, ἀλλ’ ὑπῆρχεν αὐτῷ ἢ φεύγειν ἐκ Χαλκίδος, ἢ τεθνάναι ἐγκαταληφθέντι·",ὑπῆρχεν,ὑπάρχω,FALSE,TRUE,τεθνάναι,τεθνάναι,NA,NA,NA,FALSE,αὐτῷ,αὐτῷ,NA,NA,ἐγκαταληφθέντι,ἐγκαταληφθέντι,P,NA,NA,NA,NA,NA,NA,NA,NA,NA,TRUE,NA,FALSE,"Ordem curiosa, sem variação na edição, segundo infinitivo",7,juridical,attic,Aeschines,FALSE,P,Agent
75,Aeschines (0026),Against Ctesiphon (003),158.3,"ὑμεῖς δέ, ὦ ἄνδρες Ἀθηναῖοι, οὐκ αἰσχύνεσθε, εἰ ἐπὶ μὲν τοὺς πορθμέας τοὺς εἰς Σαλαμῖνα πορθμεύοντας νόμον ἔθεσθε, ἐάν τις αὐτῶν ἄκων ἐν τῷ πόρῳ πλοῖον ἀνατρέψῃ, τούτῳ μὴ ἐξεῖναι πάλιν πορθμεῖ γενέσθαι, ἵνα μηδεὶς αὐτοσχεδιάζῃ εἰς τὰ τῶν Ἑλλήνων σώματα, τὸν δὲ τὴν Ἑλλάδα καὶ τὴν πόλιν ἄρδην ἀνατετροφότα, τοῦτον ἐάσετε πάλιν ἀπευθύνειν τὰ κοινά;",ἐξεῖναι,ἔξεστι,FALSE,TRUE,γενέσθαι,γενέσθαι,NA,NA,NA,FALSE,τούτῳ,τούτῳ,NA,NA,πορθμεῖ,πορθμεῖ,N,NA,NA,NA,NA,NA,NA,NA,NA,NA,TRUE,NA,FALSE,NA,4,juridical,attic,Aeschines,FALSE,N,Agent
93,Aeschines (0026),The Speech on the Embassy (002),t.1,"δέομαι ὑμῶν, ὦ ἄνδρες Ἀθηναῖοι, ἐθελῆσαί μου μετ’ εὐνοίας ἀκοῦσαι λέγοντος, ὑπολογιζομένους τό τε μέγεθος τοῦ κινδύνου καὶ τὸ πλῆθος τῶν αἰτιῶν πρὸς ἃς ἀπολογήσασθαί με δεῖ, καὶ τὰς τέχνας καὶ τὰς κατασκευὰς τοῦ κατηγόρου καὶ τὴν ὠμότητα, ὃς ἐτόλμησε παρακελεύσασθαι πρὸς ἄνδρας ὀμωμοκότας τῶν ἀντιδίκων ὁμοίως ἀμφοτέρων ἀκούσεσθαι τοῦ κινδυνεύοντος φωνὴν μὴ ὑπομένειν.",δέομαι,δέομαι,TRUE,FALSE,ἀκοῦσαι,ἀκοῦσαι,NA,NA,NA,FALSE,ὑμῶν,ὑμῶν,NA,NA,ὑπολογιζομένους,ὑπολογιζομένους,P,NA,NA,NA,NA,NA,NA,NA,NA,NA,FALSE,NA,TRUE,NA,10,juridical,attic,Aeschines,FALSE,P,Recipient
94,Aeschines (0026),The Speech on the Embassy (002),6.6,"περὶ δὲ τῆς ἄλλης κατηγορίας δέομαι ὑμῶν, ὦ ἄνδρες Ἀθηναῖοι, ἐάν τι παραλίπω καὶ μὴ μνησθῶ, ἐπερωτᾶν με καὶ δηλοῦν ὅ τι ἂν ποθῆτε ἀκοῦσαι, μηδὲν προκατεγνωκότας, ἀλλ’ ἴσῃ τῇ εὐνοίᾳ ἀκούοντας.",δέομαι,δέομαι,TRUE,FALSE,"ἐπερωτᾶν, ἀκοῦσαι",ἐπερωτᾶν,ἀκοῦσαι,NA,NA,FALSE,ὑμῶν,ὑμῶν,NA,NA,"προκατεγνωκότας, ἀκούοντας",προκατεγνωκότας,P,ἀκούοντας,S,NA,NA,NA,NA,NA,NA,NA,FALSE,FALSE,FALSE,NA,20,juridical,attic,Aeschines,"προκατεγνωκότες, ἀκούοντες",P,Recipient
97,Aeschines (0026),The Speech on the Embassy (002),44.5,δέομαι δὲ ὑμῶν προσεπιπονῆσαι ἀκούοντας καὶ τὴν λοιπὴν διήγησιν.,δέομαι,δέομαι,TRUE,FALSE,προσεπιπονῆσαι,προσεπιπονῆσαι,NA,NA,NA,FALSE,ὑμῶν,ὑμῶν,NA,NA,ἀκούοντας,ἀκούοντας,P,NA,NA,NA,NA,NA,NA,NA,NA,NA,FALSE,NA,FALSE,NA,2,juridical,attic,Aeschines,FALSE,P,Recipient
230,Aeschylus (0085),Eumenides (007),890,ἔξεστι γάρ σοι τῆσδε γαμόρῳ χθονὸς εἶναι δικαίως ἐς τὸ πᾶν τιμωμένῃ.,ἔξεστι,ἔξεστι,FALSE,TRUE,εἶναι,εἶναι,NA,NA,NA,TRUE,σοι,σοι,NA,NA,"γαμόρῳ, τιμωμένῃ",γαμόρῳ,N,τιμωμένῃ,S,NA,NA,NA,NA,NA,NA,NA,TRUE,TRUE,FALSE,NA,2,drama,attic,Aeschylus,FALSE,N,Experiencer
254,Aeschylus (0085),Libation Bearers (006),140,αὐτῇ τέ μοι δὸς σωφρονεστέραν πολὺ μητρὸς γενέσθαι χεῖρά τ’ εὐσεβεστέραν.,δὸς,δίδωμι,TRUE,FALSE,γενέσθαι,γενέσθαι,NA,NA,NA,TRUE,αὐτῇ... μοι,αὐτῇ... μοι,NA,NA,"σωφρονεστέραν, εὐσεβεστέραν",σωφρονεστέραν,A,εὐσεβεστέραν,A,NA,NA,NA,NA,NA,NA,NA,FALSE,FALSE,FALSE,NA,2,drama,attic,Aeschylus,FALSE,A,Recipient
306,Andocides (0027),On the Mysteries (001),88.5,"ὅπου οὖν ἔδοξεν ὑμῖν δοκιμάσαι μὲν τοὺς νόμους, δοκιμάσαντας δὲ ἀναγράψαι, ἀγράφῳ δὲ νόμῳ τὰς ἀρχὰς μὴ χρῆσθαι μηδὲ περὶ ἑνός, ψήφισμα δὲ μηδὲν μήτε βουλῆς μήτε δήμου νόμου κυριώτερον εἶναι, μηδ’ ἐπ’ ἀνδρὶ νόμον ἐξεῖναι τιθέναι ἐὰν μὴ τὸν αὐτὸν ἐπὶ πᾶσιν Ἀθηναίοις, τοῖς δὲ νόμοις τοῖς κειμένοις χρῆσθαι ἀπ’ Εὐκλείδου ἄρχοντος, ἐνταυθοῖ ἔστιν ὅ τι ὑπολείπεται ἢ μεῖζον ἢ ἔλαττον τῶν γενομένων πρότερον ψηφισμάτων, πρὶν Εὐκλείδην ἄρξαι, ὅπως κύριον ἔσται;",ἔδοξεν,δοκέω,FALSE,FALSE,ἀναγράψαι,ἀναγράψαι,NA,NA,NA,FALSE,ὑμῖν,ὑμῖν,NA,NA,δοκιμάσαντας,δοκιμάσαντας,P,NA,NA,NA,NA,NA,NA,NA,NA,NA,FALSE,NA,FALSE,Comentar a sequência de dokimasai... Dokimasantas. Segundo infinitivo,5,juridical,attic,Andocides,FALSE,P,Experiencer
313,Andocides (0027),On the Mysteries (001),4.1,"αὐτίκα ἐγὼ πολλῶν μοι ἀπαγγελλόντων ὅτι λέγοιεν οἱ ἐχθροὶ ὡς ἄρα ἐγὼ οὔτ’ ἂν ὑπομείναιμι οἰχήσομαί τε φεύγων, —τί γὰρ ἂν καὶ βουλόμενος Ἀνδοκίδης ἀγῶνα τοσοῦτον ὑπομείνειεν, ᾧ ἔξεστι μὲν ἀπελθόντι ἐντεῦθεν ἔχειν πάντα τὰ ἐπιτήδεια, ἔστι δὲ πλεύσαντι εἰς Κύπρον, ὅθεν περ ἥκει, γῆ πολλὴ καὶ ἀγαθὴ διδομένη καὶ δωρεὰν ὑπάρχουσα;",ἔξεστι,ἔξεστι,FALSE,TRUE,ἔχειν,ἔχειν,NA,NA,NA,FALSE,ᾧ,ᾧ,NA,NA,ἀπελθόντι,ἀπελθόντι,P,NA,NA,NA,NA,NA,NA,NA,NA,NA,TRUE,NA,FALSE,exw + verbo de movimento,3,juridical,attic,Andocides,FALSE,P,Agent
329,Andocides (0027),On the Mysteries (001),136.2,"ὡς γὰρ πλείστους εἶναι ὑμῖν ἤθελον ἂν τοιούσδε οἷόσπερ ἐγώ, τούτους δὲ μάλιστα μὲν ἀπολωλέναι, εἰ δὲ μή, εἶναι τοὺς μὴ ἐπιτρέψοντας αὐτοῖς, οἷς καὶ προσήκει ἀνδράσιν εἶναι καὶ ἀγαθοῖς καὶ δικαίοις περὶ τὸ πλῆθος τὸ ὑμέτερον, καὶ βουλόμενοι δυνήσονται εὖ ποιεῖν ὑμᾶς.",προσήκει,προσήκω,FALSE,TRUE,εἶναι,εἶναι,NA,NA,NA,TRUE,οἷς,οἷς,NA,NA,ἀνδράσιν... ἀγαθοῖς καὶ δικαίοις,ἀνδράσιν... ἀγαθοῖς καὶ δικαίοις,N,NA,NA,NA,NA,NA,NA,NA,NA,NA,TRUE,TRUE,FALSE,Comentar número de preds.,3,juridical,attic,Andocides,FALSE,N,Experiencer
330,Andocides (0027),On the Mysteries (001),149.3,"ὑμεῖς με παρ’ ὑμῶν αὐτῶν αἰτησάμενοι σῴσατε, καὶ μὴ βούλεσθε Θετταλοὺς καὶ Ἀνδρίους πολίτας ποιεῖσθαι δι’ ἀπορίαν ἀνδρῶν, τοὺς δὲ ὄντας πολίτας ὁμολογουμένως, οἷς προσήκει ἀνδράσιν ἀγαθοῖς εἶναι καὶ βουλόμενοι δυνήσονται, τούτους δὲ ἀπόλλυτε.",προσήκει,προσήκω,FALSE,TRUE,εἶναι,εἶναι,NA,NA,NA,TRUE,οἷς,οἷς,NA,NA,ἀνδράσιν ἀγαθοῖς,ἀνδράσιν ἀγαθοῖς,N,NA,NA,NA,NA,NA,NA,NA,NA,NA,TRUE,NA,FALSE,Comparar com Andocides On The Mysteries 136.2 (329),2,juridical,attic,Andocides,FALSE,N,Experiencer
334,Andocides (0027),On His Return (002),26.9,"ὥστ’ ἔμοιγε καὶ διὰ τὰ τῶν προγόνων ἔργα εἰκότως ὑπάρχει δημοτικῷ εἶναι, εἴπερ τι ἀλλὰ νῦν γε φρονῶν τυγχάνω.",ὑπάρχει,ὑπάρχω,FALSE,TRUE,εἶναι,εἶναι,NA,NA,NA,TRUE,ἔμοιγε,ἔμοιγε,NA,NA,δημοτικῷ,δημοτικῷ,A,NA,NA,NA,NA,NA,NA,NA,NA,NA,TRUE,NA,FALSE,NA,9,juridical,attic,Andocides,FALSE,A,Experiencer
343,Andocides (0027),On the Mysteries (001),84.3,"ἐξεῖναι δὲ καὶ ἰδιώτῃ τῷ βουλομένῳ, εἰσιόντι εἰς τὴν βουλὴν συμβουλεύειν ὅ τι ἂν ἀγαθὸν ἔχῃ περὶ τῶν νόμων.",ἐξεῖναι,ἔξεστι,FALSE,TRUE,συμβουλεύειν,συμβουλεύειν,NA,NA,NA,TRUE,ἰδιώτῃ τῷ βουλομένῳ,ἰδιώτῃ τῷ βουλομένῳ,NA,NA,εἰσιόντι,εἰσιόντι,P,NA,NA,NA,NA,NA,NA,NA,NA,NA,TRUE,NA,FALSE,NA,1,juridical,attic,Andocides,FALSE,P,Experiencer
349,Andocides (0027),On His Return (002),26.3,"τάδε γὰρ οὐ ψευσαμένῳ μοι λαθεῖν οἷόν τ’ ἐστι τούς γε πρεσβυτέρους ὑμῶν, ὅτι ὁ τοῦ ἐμοῦ πατρὸς πάππος Λεωγόρας στασιάσας πρὸς τοὺς τυράννους ὑπὲρ τοῦ δήμου, ἐξὸν αὐτῷ διαλλαχθέντι τῆς ἔχθρας καὶ γενομένῳ κηδεστῇ ἄρξαι μετ’ ἐκείνων τῶν ἀνδρῶν τῆς πόλεως, εἵλετο μᾶλλον ἐκπεσεῖν μετὰ τοῦ δήμου καὶ φεύγων κακοπαθεῖν μᾶλλον ἢ προδότης αὐτῶν καταστῆναι.",ἐξὸν,ἔξεστι,FALSE,TRUE,ἄρξαι,ἄρξαι,NA,NA,NA,FALSE,αὐτῷ,αὐτῷ,NA,NA,"διαλλαχθέντι,FALSE γενομένῳ",διαλλαχθέντι,P,γενομένῳ,P,NA,NA,NA,NA,NA,NA,NA,TRUE,TRUE,FALSE,"Série de ações (pred, pred, inf)",1,juridical,attic,Andocides,FALSE,P,Agent
353,Andocides (0027),Against Alcibiades (004),7.3,"δέομαι δ’ ὑμῶν τῶν λόγων ἴσους καὶ κοινοὺς ἡμῖν ἐπιστάτας γενέσθαι, καὶ πάντας ἄρχοντας περὶ τούτων καταστῆναι, καὶ μήτε τοῖς λοιδορουμένοις μήτε τοῖς ὑπὲρ καιρὸν χαριζομένοις ἐπιτρέπειν, ἀλλὰ τῷ μὲν θέλοντι λέγειν καὶ ἀκούειν εὐμενεῖς εἶναι, τῷ δὲ ἀσελγαίνοντι καὶ θορυβοῦντι χαλεπούς.",δέομαι,δέομαι,TRUE,FALSE,"γενέσθαι, καταστῆναι, εἶναι",γενέσθαι,καταστῆναι,εἶναι,NA,TRUE,ὑμῶν,ὑμῶν,NA,NA,"ἴσους καὶ κοινοὺς... ἐπιστάτας, πάντας ἄρχοντας, εὐμενεῖς, χαλεπούς",ἴσους καὶ κοινοὺς... ἐπιστάτας,P,πάντας ἄρχοντας,P,εὐμενεῖς,A,χαλεπούς,A,NA,NA,NA,FALSE,FALSE,FALSE,NA,10,juridical,attic,Andocides,FALSE,P,Recipient
355,Andocides (0027),On the Mysteries (001),9.7,"τάδε δὲ ὑμῶν δέομαι, μετ’ εὐνοίας μου τὴν ἀκρόασιν τῆς ἀπολογίας ποιήσασθαι, καὶ μήτ’ ἐμοὶ ἀντιδίκους καταστῆναι μήτε ὑπονοεῖν τὰ λεγόμενα μήτε ῥήματα θηρεύειν, ἀκροασαμένους δὲ διὰ τέλους τῆς ἀπολογίας τότε ἤδη ψηφίζεσθαι τοῦτο ὅ τι ἂν ὑμῖν αὐτοῖς ἄριστον καὶ εὐορκότατον νομίζητε εἶναι.",δέομαι,δέομαι,TRUE,FALSE,ψηφίζεσθαι,ψηφίζεσθαι,NA,NA,NA,FALSE,ὑμῶν,ὑμῶν,NA,NA,ἀκροασαμένους,ἀκροασαμένους,P,NA,NA,NA,NA,NA,NA,NA,NA,NA,FALSE,NA,FALSE,Segundo infinitivo,22,juridical,attic,Andocides,FALSE,P,Recipient
357,Andocides (0027),On the Mysteries (001),37.5,"καὶ τούτοις, ὦ ἄνδρες, δέομαι ὑμῶν προσέχοντας τὸν νοῦν ἀναμιμνῄσκεσθαι, ἐὰν ἀληθῆ λέγω, καὶ διδάσκειν ἀλλήλους·",δέομαι,δέομαι,TRUE,FALSE,ἀναμιμνῄσκεσθαι,ἀναμιμνῄσκεσθαι,NA,NA,NA,FALSE,ὑμῶν,ὑμῶν,NA,NA,προσέχοντας,προσέχοντας,P,NA,NA,NA,NA,NA,NA,NA,NA,NA,FALSE,NA,FALSE,NA,1,juridical,attic,Andocides,FALSE,P,Recipient
362,Andocides (0027),On the Mysteries (001),141.1,"δέομαι οὖν ἁπάντων ὑμῶν περὶ ἐμοῦ τὴν αὐτὴν γνώμην ἔχειν, ἥνπερ καὶ περὶ τῶν ἐμῶν προγόνων, ἵνα κἀμοὶ ἐγγένηται ἐκείνους μιμήσασθαι, ἀναμνησθέντας αὐτῶν ὅτι ὅμοιοι τοῖς πλείστων καὶ μεγίστων ἀγαθῶν αἰτίοις τῇ πόλει γεγένηνται, πολλῶν ἕνεκα σφᾶς αὐτοὺς παρέχοντες τοιούτους, μάλιστα δὲ τῆς εἰς ὑμᾶς εὐνοίας, καὶ ὅπως, εἴ ποτέ τις αὐτοῖς ἢ τῶν ἐξ ἐκείνων τινὶ κίνδυνος γένοιτο ἢ συμφορά, σῴζοιντο συγγνώμης παρ’ ὑμῶν τυγχάνοντες.",δέομαι,δέομαι,TRUE,FALSE,ἔχειν,ἔχειν,NA,NA,NA,FALSE,ἁπάντων ὑμῶν,ἁπάντων ὑμῶν,NA,NA,ἀναμνησθέντας,ἀναμνησθέντας,P,NA,NA,NA,NA,NA,NA,NA,NA,NA,FALSE,NA,FALSE,delayed?,18,juridical,attic,Andocides,FALSE,P,Recipient
404,Antiphon (0028),First Tetralogy (002),1.8.1,"εἴ τε καὶ ἁλοίη, τιμωρησαμένῳ κάλλιον ἔδοξεν αὐτῷ ταῦτα πάσχειν, ἢ ἀνάνδρως μηδὲν ἀντιδράσαντα ὑπὸ τῆς γραφῆς διαφθαρῆναι.",ἔδοξεν,δοκέω,FALSE,FALSE,διαφθαρῆναι,διαφθαρῆναι,NA,NA,NA,FALSE,αὐτῷ,αὐτῷ,NA,NA,"τιμωρησαμένῳ, ἀντιδράσαντα",τιμωρησαμένῳ,P,ἀντιδράσαντα,P,NA,NA,NA,NA,NA,NA,NA,TRUE,FALSE,FALSE,comparativo com atração!,-3,juridical,attic,Antiphon,FALSE,P,Experiencer
411,Antiphon (0028),Prosecution Of The Stepmother For Poisoning (001),17.2,"ἔδοξεν οὖν αὐτῇ βουλευομένῃ βέλτιον εἶναι μετὰ δεῖπνον δοῦναι, τῆς Κλυταιμνήστρας ταύτης τῆς τούτου μητρὸς ταῖς ὑποθήκαις ἅμα διακονοῦσαν.",ἔδοξεν,δοκέω,FALSE,FALSE,δοῦναι,δοῦναι,NA,NA,NA,FALSE,αὐτῇ βουλευομένῃ,αὐτῇ βουλευομένῃ,NA,NA,διακονοῦσαν,διακονοῦσαν,P,NA,NA,NA,NA,NA,NA,NA,NA,NA,FALSE,NA,FALSE,Resultado da ação do infinitivo? Variação inconsequente para atração de caso,15,juridical,attic,Antiphon,διακονοῦσα,P,Experiencer
418,Antiphon (0028),On the Choreutes (006),9.2,"ἵνα μὲν ἐξῆν αὐτοῖς, εἴ τι ἠδίκουν ἐγὼ τὴν πόλιν ἢ ἐν χορηγίᾳ ἢ ἐν ἄλλοις τισίν, ἀποφήνασι καὶ ἐξελέγξασιν ἄνδρα τε ἐχθρὸν τιμωρήσασθαι καὶ τὴν πόλιν ὠφελῆσαι, ἐνταῦθα μὲν οὐδεὶς πώποτε οἷός τε ἐγένετο αὐτῶν οὔτε μικρὸν οὔτε μέγα ἐξελέγξαι ἀδικοῦντα τόνδε τὸν ἄνδρα τὸ πλῆθος τὸ ὑμέτερον·",ἐξῆν,ἔξεστι,FALSE,TRUE,τιμωρήσασθαι,τιμωρήσασθαι,NA,NA,NA,FALSE,αὐτοῖς,αὐτοῖς,NA,NA,"ἀποφήνασι, ἐξελέγξασιν",ἀποφήνασι,P,ἐξελέγξασιν,P,NA,NA,NA,NA,NA,NA,NA,TRUE,TRUE,FALSE,Três ações em sequência ou condicional?,13,juridical,attic,Antiphon,FALSE,P,Agent
427,Antiphon (0028),On the Murder of Herodes (005),90.7,"καὶ φεισαμένοις μὲν ὑμῖν ἐμοῦ νῦν ἔξεστι τότε χρῆσθαι ὅ τι ἂν βούλησθε, ἀπολέσασι δὲ οὐδὲ βουλεύσασθαι ἔτι περὶ ἐμοῦ ἐγχωρεῖ.",ἔξεστι,ἔξεστι,FALSE,TRUE,χρῆσθαι,χρῆσθαι,NA,NA,NA,FALSE,ὑμῖν,ὑμῖν,NA,NA,φεισαμένοις,φεισαμένοις,P,NA,NA,NA,NA,NA,NA,NA,NA,NA,TRUE,NA,TRUE,Condicional?,-2,juridical,attic,Antiphon,FALSE,P,Agent
435,Antiphon (0028),On the Choreutes (006),2.3,"ὑπάρχει μὲν γὰρ αὐτοῖς ἀρχαιοτάτοις εἶναι ἐν τῇ γῇ ταύτῃ, ἔπειτα τοὺς αὐτοὺς αἰεὶ περὶ τῶν αὐτῶν, ὅπερ μέγιστον σημεῖον νόμων καλῶς κειμένων·",ὑπάρχει,ὑπάρχω,FALSE,TRUE,εἶναι,εἶναι,NA,NA,NA,TRUE,αὐτοῖς,αὐτοῖς,NA,NA,ἀρχαιοτάτοις,ἀρχαιοτάτοις,A,NA,NA,NA,NA,NA,NA,NA,NA,NA,TRUE,NA,FALSE,NA,1,juridical,attic,Antiphon,FALSE,A,Experiencer
436,Antiphon (0028),On the Murder of Herodes (005),14.3,"ὑπάρχει μέν γε αὐτοῖς ἀρχαιοτάτοις εἶναι ἐν τῇ γῇ ταύτῃ, ἔπειτα τοὺς αὐτοὺς ἀεὶ περὶ τῶν αὐτῶν, ὅπερ μέγιστόν ἐστι σημεῖον νόμων καλῶς κειμένων·",ὑπάρχει,ὑπάρχω,FALSE,TRUE,εἶναι,εἶναι,NA,NA,NA,TRUE,αὐτοῖς,αὐτοῖς,NA,NA,ἀρχαιοτάτοις,ἀρχαιοτάτοις,A,NA,NA,NA,NA,NA,NA,NA,NA,NA,TRUE,NA,FALSE,Idêntico a Antiph. 006 2.3,1,juridical,attic,Antiphon,FALSE,A,Experiencer
439,Antiphon (0028),On the Choreutes (006),44.1,"ἐπειδὴ δὲ οὑτοσὶ ὁ βασιλεὺς εἰσῆλθεν, ἐξὸν ἀυτοῖς ἀπὸ τῆς πρώτης ἡμέρας ἀρξαμένοις τοῦ Ἑκατομβαιῶνος μηνὸς τριάκονθ’ ἡμέρας συνεχῶς τούτων ᾗτινι ἐβούλοντο ἀπογράφεσθαι, ἀπεγράφοντο οὐδεμιᾷ·",ἐξὸν,ἔξεστι,FALSE,TRUE,ἀπογράφεσθαι,ἀπογράφεσθαι,NA,NA,NA,FALSE,ἀυτοῖς,ἀυτοῖς,NA,NA,ἀρξαμένοις,ἀρξαμένοις,P,NA,NA,NA,NA,NA,NA,NA,NA,NA,TRUE,NA,FALSE,Comentar,5,juridical,attic,Antiphon,ἀρξαμένους,P,Agent
440,Antiphon (0028),On the Choreutes (006),44.1,"καὶ αὖθις τοῦ Μεταγειτνιῶνος μηνὸς ἀπὸ τῆς πρώτης ἡμέρας ἀρξαμένοις ἐξὸν αὐτοῖς ἀπογράφεσθαι <ᾗ>τινι ἐβούλοντο, οὐδ’ αὖ πω ἐνταῦθα ἀπεγράψαντο, ἀλλὰ παρεῖσαν καὶ τούτου τοῦ μηνὸς εἴκοσιν ἡμέρας·",ἐξὸν,ἔξεστι,FALSE,TRUE,ἀπογράφεσθαι,ἀπογράφεσθαι,NA,NA,NA,FALSE,αὐτοῖς,αὐτοῖς,NA,NA,ἀρξαμένοις,ἀρξαμένοις,P,NA,NA,NA,NA,NA,NA,NA,NA,NA,TRUE,NA,FALSE,Similar a Antiphon 006 44.1,-2,juridical,attic,Antiphon,FALSE,P,Agent
443,Antiphon (0028),On the Murder of Herodes (005),61.2,"ἐξὸν γὰρ αὐτῷ ἐν ἀγῶνι καὶ κινδύνῳ μεγάλῳ καταστήσαντι μετὰ τῶν νόμων τῶν ὑμετέρων ἀπολέσαι ἐκεῖνον, εἴπερ προωφείλετο αὐτῷ κακόν, καὶ τό τε ἴδιον τὸ αὑτοῦ διαπράξασθαι καὶ τῇ πόλει τῇ ὑμετέρᾳ χάριν καταθέσθαι, εἰ ἐπέδειξεν ἀδικοῦντα ἐκεῖνον, οὐκ ἠξίωσεν, ἀλλ’ οὐδ’ ἦλθεν ἐπὶ τοῦτον.",ἐξὸν,ἔξεστι,FALSE,TRUE,ἀπολέσαι,ἀπολέσαι,NA,NA,NA,FALSE,αὐτῷ,αὐτῷ,NA,NA,καταστήσαντι,καταστήσαντι,P,NA,NA,NA,NA,NA,NA,NA,NA,NA,TRUE,NA,FALSE,NA,6,juridical,attic,Antiphon,FALSE,P,Agent
446,Antiphon (0028),First Tetralogy (002),2.13.5,"δέομαι δ’ ὑμῶν, ὦ ἄνδρες, τῶν μεγίστων κριταὶ καὶ κύριοι, ἐλεήσαντας τὴν ἀτυχίαν μου ἰατροὺς γενέσθαι αὐτῆς, καὶ μὴ συνεπιβάντας τῇ τούτων ἐπιθέσει περιιδεῖν ἀδίκως καὶ ἀθέως διαφθαρέντα με ὑπ’ αὐτῶν.",δέομαι,δέομαι,TRUE,FALSE,γενέσθαι. περιιδεῖν,γενέσθαι,περιιδεῖν,NA,NA,TRUE,ὑμῶν,ὑμῶν,NA,NA,"ἐλεήσαντας, ἰατροὺς, συνεπιβάντας",ἐλεήσαντας,P,ἰατροὺς,S,συνεπιβάντας,P,NA,NA,NA,NA,NA,FALSE,FALSE,FALSE,Parte do pedido?,8,juridical,attic,Antiphon,FALSE,P,Recipient
451,Antiphon (0028),Second Tetralogy (003),2.2,"ὑπὸ δὲ σκληρᾶς ἀνάγκης βιαζόμενος, καὶ αὐτὸς εἰς τὸν ὑμέτερον ἔλεον, ὦ ἄνδρες δικασταί, καταπεφευγὼς δέομαι ὑμῶν, ἐὰν ἀκριβέστερον ἢ ὡς σύνηθες ὑμῖν δόξω εἰπεῖν, μὴ διὰ τὰς προειρημένας τύχας δυσχερῶς ἀποδεξαμένους μου τὴν ἀπολογίαν δόξῃ καὶ μὴ ἀληθείᾳ τὴν κρίσιν ποιήσασθαι·",δέομαι,δέομαι,TRUE,FALSE,ποιήσασθαι,ποιήσασθαι,NA,NA,NA,FALSE,ὑμῶν,ὑμῶν,NA,NA,ἀποδεξαμένους,ἀποδεξαμένους,P,NA,NA,NA,NA,NA,NA,NA,NA,NA,FALSE,NA,TRUE,Estranho,15,juridical,attic,Antiphon,FALSE,P,Recipient
453,Antiphon (0028),Second Tetralogy (003),3.3.4,"ἐγὼ δὲ δράσας μὲν οὐδὲν κακόν, παθὼν δὲ ἄθλια καὶ δεινά, καὶ νῦν ἔτι δεινότερα τούτων, ἔργῳ καὶ οὐ λόγῳ εἰς τὸν ὑμέτερον ἔλεον καταπεφευγὼς δέομαι ὑμῶν, ὦ ἄνδρες ἀνοσίων ἔργων τιμωροί, ὁσίων δὲ διαγνώμονες, μὴ παρ’ ἔργα φανερὰ ὑπὸ πονηρᾶς λόγων ἀκριβείας πεισθέντας ψευδῆ τὴν ἀλήθειαν τῶν πραχθέντων ἡγήσασθαι·",δέομαι,δέομαι,TRUE,FALSE,ἡγήσασθαι,ἡγήσασθαι,NA,NA,NA,FALSE,ὑμῶν,ὑμῶν,NA,NA,πεισθέντας,πεισθέντας,P,NA,NA,NA,NA,NA,NA,NA,NA,NA,FALSE,NA,FALSE,Comparar com outras frases de Antiphon,17,juridical,attic,Antiphon,NOMINATIVO,P,Recipient
473,Antiphon (0028),Third Tetralogy (004),3.7.3,"ἡμεῖς δὲ τόν <τε> θάνατον φανερὸν ἀποδεικνύντες, τήν τε πληγὴν ὁμολογουμένην ἐξ ἧς ἀπέθανε, τόν τε νόμον εἰς τὸν πατάξαντα τὸν φόνον ἀνάγοντα, ἀντὶ τοῦ παθόντος ἐπισκήπτομεν ὑμῖν, τῷ τούτου φόνῳ τὸ μήνιμα τῶν ἀλιτηρίων ἀκεσαμένους πᾶσαν τὴν πόλιν καθαρὰν τοῦ μιάσματος καταστῆσαι.",ἐπισκήπτομεν,ἐπισκήπτω,TRUE,FALSE,καταστῆσαι,καταστῆσαι,NA,NA,NA,FALSE,ὑμῖν,ὑμῖν,NA,NA,ἀκεσαμένους,ἀκεσαμένους,P,NA,NA,NA,NA,NA,NA,NA,NA,NA,FALSE,NA,TRUE,Vírgula curiosa,8,juridical,attic,Antiphon,FALSE,P,Recipient
474,Antiphon (0028),Third Tetralogy (004),4.10.1,"οὑτωσὶ δὲ ἐκ παντὸς τρόπου τῶν ἐγκλημάτων ἀπολυομένου τοῦ ἀνδρός, ἡμεῖς ὁσιώτερον ὑμῖν ἐπισκήπτομεν ὑπὲρ αὐτοῦ, μὴ τὸν φονέα ζητοῦντας κολάζειν τὸν καθαρὸν ἀποκτείνειν.",ἐπισκήπτομεν,ἐπισκήπτω,TRUE,FALSE,ἀποκτείνειν,ἀποκτείνειν,NA,NA,NA,FALSE,ὑμῖν,ὑμῖν,NA,NA,ζητοῦντας,ζητοῦντας,P,NA,NA,NA,NA,NA,NA,NA,NA,NA,FALSE,NA,TRUE,Condicional?,7,juridical,attic,Antiphon,FALSE,P,Recipient
495,Antiphon (0028),Third Tetralogy (004),3.t.2,"τοῦτόν τε οὐ θαυμάζω ἀνόσια δράσαντα ὅμοια οἷς εἴργασται λέγειν, ὑμῖν τε συγγιγνώσκω βουλομένοις τὴν ἀκρίβειαν τῶν πραχθέντων μαθεῖν τοιαῦτα ἀνέχεσθαι ἀκούοντας αὐτοῦ, ἃ ἐκβάλλεσθαι ἄξιά ἐστι.",συγγιγνώσκω,συγγιγνώσκω,TRUE,FALSE,ἀνέχεσθαι,ἀνέχεσθαι,NA,NA,NA,FALSE,ὑμῖν... βουλομένοις,ὑμῖν... βουλομένοις,NA,NA,ἀκούοντας,ἀκούοντας,P,NA,NA,NA,NA,NA,NA,NA,NA,NA,FALSE,NA,FALSE,CHECAR DETALHES,8,juridical,attic,Antiphon,FALSE,P,Recipient
2632,Demosthenes (0014),Against Callicles (055),5.1,"καίτοι, ὦ Καλλίκλεις, ἐξῆν δήπου τόθ’ ὑμῖν, ὁρῶσιν ἀποικοδομουμένην τὴν χαράδραν, ἐλθοῦσιν εὐθὺς ἀγανακτεῖν καὶ λέγειν πρὸς τὸν πατέρα Τεισία, τί ταῦτα ποιεῖς;",ἐξῆν,ἔξεστι,FALSE,TRUE,ἀγανακτεῖν καὶ λέγειν,ἀγανακτεῖν καὶ λέγειν,NA,NA,NA,FALSE,ὑμῖν,ὑμῖν,NA,NA,ἐλθοῦσιν,ἐλθοῦσιν,P,NA,NA,NA,NA,NA,NA,NA,NA,NA,TRUE,FALSE,FALSE,NA,1,juridical,attic,Demosthenes,FALSE,P,Agent
2636,Demosthenes (0014),Against Dionysodorus (056),49.1,"εἰ μέντοι ἐξέσται τοῖς ναυκλήροις, συγγραφὴν γραψαμένοις ἐφ’ ᾧ τε καταπλεῖν εἰς Ἀθήνας, ἔπειτα κατάγειν τὴν ναῦν εἰς ἕτερα ἐμπόρια, φάσκοντας ῥαγῆναι καὶ τοιαύτας προφάσεις ποριζομένους οἵαισπερ καὶ Διονυσόδωρος οὑτοσὶ χρῆται, καὶ τοὺς τόκους μερίζειν πρὸς τὸν πλοῦν ὃν ἂν φήσωσιν πεπλευκέναι, καὶ μὴ πρὸς τὴν συγγραφήν, οὐδὲν κωλύσει ἅπαντα τὰ συμβόλαια διαλύεσθαι.",ἐξέσται,ἔξεστι,FALSE,TRUE,"κατάγειν,μερίζειν",κατάγειν,μερίζειν,NA,NA,FALSE,τοῖς ναυκλήροις,τοῖς ναυκλήροις,NA,NA,"γραψαμένοις, φάσκοντας, ποριζομένους",γραψαμένοις,P,φάσκοντας,P,ποριζομένους,P,NA,NA,NA,NA,NA,TRUE,FALSE,TRUE,O primeiro pode ser equivalente a uma relativa,2,juridical,attic,Demosthenes,FALSE,P,Agent
2640,Demosthenes (0014),Against Eubulides (057),53.2,"ἐξῆν δὲ δήπου τούτοις, εἰ νόθος ἢ ξένος ἦν ἐγώ, κληρονόμοις εἶναι τῶν ἐμῶν πάντων.",ἐξῆν,ἔξεστι,FALSE,TRUE,εἶναι,εἶναι,NA,NA,NA,TRUE,τούτοις,τούτοις,NA,NA,κληρονόμοις,κληρονόμοις,P,NA,NA,NA,NA,NA,NA,NA,NA,NA,TRUE,NA,FALSE,NA,7,juridical,attic,Demosthenes,κληρονόμους,P,Experiencer
2673,Demosthenes (0014),Third Olynthiac (003),23.4,"οὐ γὰρ ἀλλοτρίοις ὑμῖν χρωμένοις παραδείγμασιν, ἀλλ’ οἰκείοις, ὦ ἄνδρες Ἀθηναῖοι, εὐδαίμοσιν ἔξεστι γενέσθαι.",ἔξεστι,ἔξεστι,FALSE,TRUE,γενέσθαι,γενέσθαι,NA,NA,NA,TRUE,"ἀλλοτρίοις ὑμῖν χρωμένοις παραδείγμασιν, ἀλλ’ οἰκείοις",ἀλλοτρίοις ὑμῖν χρωμένοις παραδείγμασιν,ἀλλ’ οἰκείοις,NA,εὐδαίμοσιν,εὐδαίμοσιν,A,NA,NA,NA,NA,NA,NA,NA,NA,NA,TRUE,NA,FALSE,Comparar com Dem. 21.67,4,juridical,attic,Demosthenes,FALSE,A,Experiencer
2692,Demosthenes (0014),Against Leptines (020),157.3,"ὑμῖν δ’ οὐχὶ πρέπει τὰ τοιαῦτα μιμεῖσθαι, οὐδ’ ἀνάξια φαίνεσθαι φρονοῦντας ὑμῶν αὐτῶν.",πρέπει,πρέπω,FALSE,TRUE,φαίνεσθαι,φαίνεσθαι,NA,NA,NA,TRUE,ὑμῖν,ὑμῖν,NA,NA,φρονοῦντας,φρονοῦντας,P,NA,NA,NA,NA,NA,NA,NA,NA,NA,FALSE,NA,TRUE,Comentar como φαίνεσθαι funciona como cópula,10,juridical,attic,Demosthenes,FALSE,P,Experiencer
2739,Demosthenes (0014),Against Eubulides (057),32.4,"προσήκει τοίνυν ὑμῖν βοηθοῦσι τοῖς νόμοις μὴ τοὺς ἐργαζομένους ξένους νομίζειν, ἀλλὰ τοὺς συκοφαντοῦντας πονηρούς.",προσήκει,προσήκω,FALSE,TRUE,νομίζειν,νομίζειν,NA,NA,NA,FALSE,ὑμῖν,ὑμῖν,NA,NA,βοηθοῦσι,βοηθοῦσι,P,NA,NA,NA,NA,NA,NA,NA,NA,NA,TRUE,NA,FALSE,NA,1,juridical,attic,Demosthenes,FALSE,P,Agent
2859,Demosthenes (0014),Against Aristocrates (023),8.6,"συμβέβηκε γὰρ ἐκ τούτου αὑτοῖς μὲν ἀντιπάλους εἶναι τούτους, ὑμᾶς δ’ ὑπέρχεσθαι καὶ θεραπεύειν.",συμβέβηκε,συμβαίνω,FALSE,TRUE,εἶναι,εἶναι,NA,NA,NA,TRUE,αὑτοῖς,αὑτοῖς,NA,NA,ἀντιπάλους,ἀντιπάλους,A,NA,NA,NA,NA,NA,NA,NA,NA,NA,FALSE,NA,TRUE,O que acontece com esse toutous?,2,juridical,attic,Demosthenes,FALSE,A,Experiencer
2864,Demosthenes (0014),Against Aristocrates (023),143.9,"τοῦτο τοίνυν ἐπ’ ἐκείνου μέν, εὖ ποιοῦν, οὐ συνέβη φενακισθεῖσιν ὑμῖν αἰσχύνην ὀφλεῖν·",συνέβη,συμβαίνω,FALSE,TRUE,ὀφλεῖν,ὀφλεῖν,NA,NA,NA,FALSE,ὑμῖν,ὑμῖν,NA,NA,φενακισθεῖσιν,φενακισθεῖσιν,P,NA,NA,NA,NA,NA,NA,NA,NA,NA,TRUE,NA,FALSE,NA,1,juridical,attic,Demosthenes,FALSE,P,Agent
2866,Demosthenes (0014),Against Aristocrates (023),171.1,"ὡς δ’ ἐν ἀρχαιρεσίαις ὑμεῖς Χαβρίαν ἐπὶ τὸν πόλεμον τοῦτον κατεστήσατε, καὶ τῷ μὲν Ἀθηνοδώρῳ συνέβη διαφεῖναι τὴν δύναμιν χρήματ’ οὐκ ἔχοντι παρ’ ὑμῶν οὐδ’ ἀφορμὴν τῷ πολέμῳ, τῷ Χαβρίᾳ δὲ μίαν ναῦν ἔχοντι μόνην ἐκπλεῖν, τί ποιεῖ πάλιν οὗτος ὁ Χαρίδημος;",συνέβη,συμβαίνω,FALSE,TRUE,"διαφεῖναι, ἐκπλεῖν",διαφεῖναι,ἐκπλεῖν,NA,NA,FALSE,"τῷ μὲν Ἀθηνοδώρῳ, τῷ Χαβρίᾳ",τῷ μὲν Ἀθηνοδώρῳ,τῷ Χαβρίᾳ,NA,"ἔχοντι, ἔχοντι",ἔχοντι,P,ἔχοντι,P,NA,NA,NA,NA,NA,NA,NA,TRUE,NA,FALSE,"Verbos de movimento, exw participial",7,juridical,attic,Demosthenes,FALSE,P,Agent
2882,Demosthenes (0014),Against Conon (054),8.1,"καὶ ἡμῖν συμβαίνει ἀναστρέφουσιν ἀπὸ τοῦ Φερρεφαττίου καὶ περιπατοῦσιν πάλιν κατ’ αὐτό πως τὸ Λεωκόριον εἶναι, καὶ τούτοις περιτυγχάνομεν.",συμβαίνει,συμβαίνω,FALSE,TRUE,εἶναι,εἶναι,NA,NA,NA,TRUE,ἡμῖν,ἡμῖν,NA,NA,"ἀναστρέφουσιν, περιπατοῦσιν",ἀναστρέφουσιν,P,περιπατοῦσιν,P,NA,NA,NA,NA,NA,NA,NA,TRUE,TRUE,TRUE,"Estranho, o pred real parece ser pálin ktl",2,juridical,attic,Demosthenes,FALSE,P,Experiencer
2886,Demosthenes (0014),Against Conon (054),44.5,"εἰ γὰρ δὴ ὁμολογουμένως ἔτι τούτων καὶ ἀχρηστοτέροις καὶ πονηροτέροις ἡμῖν εἶναι συνέβαινεν, οὐ τυπτητέοι, οὐδ’ ὑβριστέοι δήπου ἐσμέν.",συνέβαινεν,συμβαίνω,FALSE,TRUE,εἶναι,εἶναι,NA,NA,NA,TRUE,ἡμῖν,ἡμῖν,NA,NA,καὶ ἀχρηστοτέροις καὶ πονηροτέροις,ἀχρηστοτέροις,A,πονηροτέροις,A,NA,NA,NA,NA,NA,NA,NA,TRUE,TRUE,FALSE,NA,-1,juridical,attic,Demosthenes,FALSE,A,Experiencer
2927,Demosthenes (0014),On the Crown (018),46.1,"εἶτ’, οἶμαι, συμβέβηκε τοῖς μὲν πλήθεσιν ἀντὶ τῆς πολλῆς καὶ ἀκαίρου ῥᾳθυμίας τὴν ἐλευθερίαν ἀπολωλεκέναι, τοῖς δὲ προεστηκόσι καὶ τἄλλα πλὴν ἑαυτοὺς οἰομένοις πωλεῖν πρώτους ἑαυτοὺς πεπρακόσιν αἰσθέσθαι·",συμβέβηκε,συμβαίνω,FALSE,TRUE,αἰσθέσθαι,αἰσθέσθαι,NA,NA,NA,FALSE,τοῖς δὲ προεστηκόσι,τοῖς δὲ προεστηκόσι,NA,NA,"οἰομένοις,πεπρακόσιν",οἰομένοις,P,πεπρακόσιν,P,NA,NA,NA,NA,NA,NA,NA,TRUE,TRUE,TRUE,NA,5,juridical,attic,Demosthenes,"οἰομένους,πεπρακότιν",P,Agent
2957,Demosthenes (0014),Third Philippic (009),4.1,"εἶθ’ ὑμῖν συμβέβηκεν ἐκ τούτου ἐν μὲν ταῖς ἐκκλησίαις τρυφᾶν καὶ κολακεύεσθαι πάντα πρὸς ἡδονὴν ἀκούουσιν, ἐν δὲ τοῖς πράγμασι καὶ τοῖς γιγνομένοις περὶ τῶν ἐσχάτων ἤδη κινδυνεύειν.",συμβέβηκεν,συμβαίνω,FALSE,TRUE,τρυφᾶν καὶ κολακεύεσθαι,τρυφᾶν καὶ κολακεύεσθαι,NA,NA,NA,FALSE,ὑμῖν,ὑμῖν,NA,NA,ἀκούουσιν,ἀκούουσιν,P,NA,NA,NA,NA,NA,NA,NA,NA,NA,TRUE,NA,TRUE,NA,14,juridical,attic,Demosthenes,FALSE,P,Agent
2965,Demosthenes (0014),Against Aristocrates (023),138.1,"ὅτι τοίνυν ἄνευ τοῦ τοῖς πράγμασι μὴ συμφέρειν τὸ ψήφισμα, οὐδὲ πρὸς δόξαν συμφέρει τῇ πόλει τοιοῦτον οὐδὲν ἐψηφισμένῃ φαίνεσθαι, καὶ τοῦτο δεῖ μαθεῖν ὑμᾶς.",συμφέρει,συμφέρω,FALSE,TRUE,φαίνεσθαι,φαίνεσθαι,NA,NA,NA,TRUE,τῇ πόλει,τῇ πόλει,NA,NA,ἐψηφισμένῃ,ἐψηφισμένῃ,P,NA,NA,NA,NA,NA,NA,NA,NA,NA,TRUE,NA,TRUE,NA,3,juridical,attic,Demosthenes,FALSE,P,Experiencer
2974,Demosthenes (0014),Against Macartatus (043),66.8,"συμφέρει Ἀθηναίοις περὶ τοῦ σημείου τοῦ ἐν τῷ οὐρανῷ γενομένου θύοντας καλλιερεῖν Διὶ ὑπάτῳ, Ἀθηνᾷ ὑπάτῃ, Ἡρακλεῖ, Ἀπόλλωνι σωτῆρι, καὶ ἀποπέμπειν Ἀμφιόνεσσι·",συμφέρει,συμφέρω,FALSE,TRUE,καλλιερεῖν,καλλιερεῖν,NA,NA,NA,FALSE,Ἀθηναίοις,Ἀθηναίοις,NA,NA,θύοντας,θύοντας,P,NA,NA,NA,NA,NA,NA,NA,NA,NA,FALSE,NA,FALSE,NA,9,juridical,attic,Demosthenes,FALSE,P,Agent
2992,Demosthenes (0014),On the False Embassy (019),343.1,"οὔτε γὰρ πρὸς δόξαν οὔτε πρὸς εὐσέβειαν οὔτε πρὸς ἀσφάλειαν οὔτε πρὸς ἄλλ’ οὐδὲν ὑμῖν συμφέρει τοῦτον ἀφεῖναι, ἀλλὰ τιμωρησαμένους παράδειγμα ποιῆσαι πᾶσι, καὶ τοῖς πολίταις καὶ τοῖς ἄλλοις Ἕλλησιν.",συμφέρει,συμφέρω,FALSE,TRUE,ποιῆσαι,ποιῆσαι,NA,NA,NA,FALSE,ὑμῖν,ὑμῖν,NA,NA,τιμωρησαμένους,τιμωρησαμένους,P,NA,NA,NA,NA,NA,NA,NA,NA,NA,FALSE,NA,FALSE,dativo logo após o vinf,5,juridical,attic,Demosthenes,FALSE,P,Agent
3002,Demosthenes (0014),Against Aristocrates (023),102.6,ἐκ γὰρ τοῦ ταῦθ’ οὕτως ἔχειν ἡμῖν ὑπάρχει μεγίστοις οὖσιν ἀσφαλῶς οἰκεῖν.,ὑπάρχει,ὑπάρχω,FALSE,TRUE,οἰκεῖν,οἰκεῖν,NA,NA,NA,FALSE,ἡμῖν,ἡμῖν,NA,NA,μεγίστοις οὖσιν,μεγίστοις οὖσιν,P,NA,NA,NA,NA,NA,NA,NA,NA,NA,TRUE,NA,TRUE,NA,2,juridical,attic,Demosthenes,FALSE,P,Agent
3038,Demosthenes (0014),On the Crown (018),257.1,"ἐμοὶ μὲν τοίνυν ὑπῆρξεν, Αἰσχίνη, παιδὶ μὲν ὄντι φοιτᾶν εἰς τὰ προσήκοντα διδασκαλεῖα, καὶ ἔχειν ὅσα χρὴ τὸν μηδὲν αἰσχρὸν ποιήσοντα δι’ ἔνδειαν, ἐξελθόντι δ’ ἐκ παίδων ἀκόλουθα τούτοις πράττειν, χορηγεῖν, τριηραρχεῖν, εἰσφέρειν, μηδεμιᾶς φιλοτιμίας μήτ’ ἰδίας μήτε δημοσίας ἀπολείπεσθαι, ἀλλὰ καὶ τῇ πόλει καὶ τοῖς φίλοις χρήσιμον εἶναι, ἐπειδὴ δὲ πρὸς τὰ κοινὰ προσελθεῖν ἔδοξέ μοι, τοιαῦτα πολιτεύμαθ’ ἑλέσθαι ὥστε καὶ ὑπὸ τῆς πατρίδος καὶ ὑπ’ ἄλλων Ἑλλήνων πολλῶν πολλάκις ἐστεφανῶσθαι, καὶ μηδὲ τοὺς ἐχθροὺς ὑμᾶς, ὡς οὐ καλά γ’ ἦν ἃ προειλόμην, ἐπιχειρεῖν λέγειν.",ὑπῆρξεν,ὑπάρχω,FALSE,TRUE,εἶναι,εἶναι,NA,NA,NA,TRUE,ἐμοὶ,ἐμοὶ,NA,NA,χρήσιμον,χρήσιμον,A,NA,NA,NA,NA,NA,NA,NA,NA,NA,FALSE,NA,FALSE,Apenas o segundo infinitivo é copular. Comentar,5,juridical,attic,Demosthenes,FALSE,A,Experiencer
3039,Demosthenes (0014),On the Crown (018),266.1,"ἐῶ τἄλλα, ἀλλὰ νυνὶ τήμερον ἐγὼ μὲν ὑπὲρ τοῦ στεφανωθῆναι δοκιμάζομαι, τὸ δὲ μηδ’ ὁτιοῦν ἀδικεῖν ἀνωμολόγημαι, σοὶ δὲ συκοφάντῃ μὲν εἶναι δοκεῖν ὑπάρχει, κινδυνεύεις δ’ εἴτε δεῖ σ’ ἔτι τοῦτο ποιεῖν, εἴτ’ ἤδη πεπαῦσθαι μὴ μεταλαβόντα τὸ πέμπτον μέρος τῶν ψήφων.",ὑπάρχει,ὑπάρχω,FALSE,TRUE,εἶναι δοκεῖν,εἶναι δοκεῖν,NA,NA,NA,TRUE,σοὶ,σοὶ,NA,NA,συκοφάντῃ,συκοφάντῃ,N,NA,NA,NA,NA,NA,NA,NA,NA,NA,TRUE,NA,FALSE,Comentar duplo nível.,2,juridical,attic,Demosthenes,FALSE,N,Experiencer
3053,Demosthenes (0014),The Funeral Speech 51-61 (060),7.1,"οἱ γὰρ τῆς κατὰ τὸν παρόντα χρόνον γενεᾶς πρόγονοι, καὶ πατέρες καὶ τούτων ἐπάνω τὰς προσηγορίας ἔχοντες, αἷς ὑπὸ τῶν ἐν γένει γνωρίζονται, ἠδίκησαν μὲν οὐδένα πώποτ’ οὔθ’ Ἕλλην’ οὔτε βάρβαρον, ἀλλ’ ὑπῆρχεν αὐτοῖς πρὸς ἅπασι τοῖς ἄλλοις καλοῖς κἀγαθοῖς καὶ δικαιοτάτοις εἶναι, ἀμυνόμενοι δὲ πολλὰ καὶ καλὰ διεπράξαντο.",ὑπῆρχεν,ὑπάρχω,FALSE,TRUE,εἶναι,εἶναι,NA,NA,NA,TRUE,αὐτοῖς,αὐτοῖς,NA,NA,καλοῖς κἀγαθοῖς καὶ δικαιοτάτοις,καλοῖς,A,κἀγαθοῖς,A,δικαιοτάτοις,A,NA,NA,NA,NA,NA,TRUE,NA,FALSE,Comentar efeito de acúmulo,5,juridical,attic,Demosthenes,FALSE,A,Experiencer
3116,Demosthenes (0014),Against Boeotus 2 (040),5.1,"οἵτινες, ὦ γῆ καὶ θεοί, ἐξὸν αὐτοῖς τὰ δίκαια ποιήσασι μὴ εἰσιέναι εἰς δικαστήριον, οὐκ αἰσχύνονται μὲν ἀναμιμνῄσκοντες ὑμᾶς εἴ τι ἢ ὁ πατὴρ ἡμῶν μὴ ὀρθῶς διεπράξατο ἢ οὗτοι εἰς ἐκεῖνον ἥμαρτον, ἀναγκάζουσι δ’ ἐμὲ δικάζεσθαι αὑτοῖς.",ἐξὸν,ἔξεστι,FALSE,TRUE,εἰσιέναι,εἰσιέναι,NA,NA,NA,FALSE,αὐτοῖς,αὐτοῖς,NA,NA,ποιήσασι,ποιήσασι,P,NA,NA,NA,NA,NA,NA,NA,NA,NA,TRUE,NA,FALSE,Comentar valor condicional,3,juridical,attic,Demosthenes,FALSE,P,Agent
3117,Demosthenes (0014),Against Dionysodorus (056),18.1,"ταῦτα τοίνυν, ὦ ἄνδρες δικασταί, προκαλεσαμένων ἡμῶν Διονυσόδωρον τουτονὶ πολλάκις, καὶ ἐπὶ πολλὰς ἡμέρας ἐκτιθέντων τὴν πρόκλησιν, εὐήθεις ἔφη παντελῶς ἡμᾶς εἶναι, εἰ ὑπολαμβάνομεν αὐτὸν οὕτως ἀλογίστως ἔχειν ὥστ’ ἐπὶ διαιτητὴν βαδίζειν, προδήλου ὄντος ὅτι καταγνώσεται αὐτοῦ ἀποτεῖσαι τὰ χρήματα, ἐξὸν αὐτῷ ἐπὶ τὸ δικαστήριον ἥκειν φέροντα τὸ ἀργύριον, εἶτ’ ἐὰν μὲν δύνηται ὑμᾶς παρακρούσασθαι, ἀπιέναι τἀλλότρια ἔχοντα, εἰ δὲ μή, τηνικαῦτα καταθεῖναι τὰ χρήματα, ὡς ἂν ἄνθρωπος οὐ τῷ δικαίῳ πιστεύων, ἀλλὰ διάπειραν ὑμῶν λαμβάνειν βουλόμενος.",ἐξὸν,ἔξεστι,FALSE,TRUE,"ἥκειν, ἀπιέναι",ἥκειν,ἀπιέναι,NA,NA,FALSE,αὐτῷ,αὐτῷ,NA,NA,"φέροντα, ἔχοντα",φέροντα,P,ἔχοντα,P,NA,NA,NA,NA,NA,NA,NA,FALSE,NA,FALSE,Verbos de movimento com exw ou sinônimo,5,juridical,attic,Demosthenes,FALSE,P,Agent
3118,Demosthenes (0014),Against Evergus And Mnesibulus (047),5.1,"ἐξὸν γὰρ αὐτοῖς ἀπηλλάχθαι πραγμάτων καὶ μὴ κινδυνεύειν εἰσιόντας εἰς ὑμᾶς, ἔργῳ βεβαιώσαντας ὡς ἀληθής ἐστιν ἡ μαρτυρία, οὐκ ἠθελήκασιν παραδοῦναι τὴν ἄνθρωπον, ἣν μεμαρτυρήκασιν προκαλέσασθαι πρὸς τῷ διαιτητῇ Πυθοδώρῳ ἐκ Κηδῶν παραδιδόναι ἕτοιμον εἶναι Θεόφημον, ἠξίουν δ’ ἐγὼ παραλαμβάνειν, ὡς οἱ μάρτυρες ὑμῖν οἱ τότε παραγενόμενοι ἐμαρτύρησαν ἐν τῷ δικαστηρίῳ, καὶ νῦν δὲ μαρτυρήσουσιν.",ἐξὸν,ἔξεστι,FALSE,TRUE,κινδυνεύειν,κινδυνεύειν,NA,NA,NA,FALSE,αὐτοῖς,αὐτοῖς,NA,NA,"εἰσιόντας, βεβαιώσαντας",εἰσιόντας,P,βεβαιώσαντας,P,NA,NA,NA,NA,NA,NA,NA,FALSE,FALSE,FALSE,!,6,juridical,attic,Demosthenes,FALSE,P,Agent
3119,Demosthenes (0014),Against Leochares (044),68.1,"ὅσοι μὴ ἐπεποίηντο φησίν ὅτε Σόλων εἰσῄει εἰς τὴν ἀρχήν, ἐξεῖναι αὐτοῖς διαθέσθαι ὅπως ἂν ἐθέλωσιν ὡς τοῖς γε ποιηθεῖσιν οὐκ ἐξὸν διαθέσθαι, ἀλλὰ ζῶντας ἐγκαταλιπόντας υἱὸν γνήσιον ἐπανιέναι, ἢ τελευτήσαντας ἀποδιδόναι τὴν κληρονομίαν τοῖς ἐξ ἀρχῆς οἰκείοις οὖσι τοῦ ποιησαμένου.",ἐξὸν,ἔξεστι,FALSE,TRUE,ἐπανιέναι,ἐπανιέναι,NA,NA,NA,FALSE,τοῖς γε ποιηθεῖσιν,τοῖς γε ποιηθεῖσιν,NA,NA,ἐγκαταλιπόντας,ἐγκαταλιπόντας,P,NA,NA,NA,NA,NA,NA,NA,NA,NA,FALSE,NA,TRUE,Curioso o zwontas e teleuthsantas,6,juridical,attic,Demosthenes,FALSE,P,Agent
3120,Demosthenes (0014),Against Leptines (020),12.6,"πῶς οὖν οὐ δεινόν, ὦ ἄνδρες Ἀθηναῖοι, εἰ τότε μὲν τοῖς ἠδικηκόσιν ὑμᾶς ὑπὲρ τοῦ μὴ ψεύσασθαι τὰ χρήματ’ εἰσφέρειν ἠθελήσατε, νῦν δ’ ἐξὸν ὑμῖν ἄνευ δαπάνης τὰ δίκαια ποιῆσαι τοῖς εὐεργέταις, λύσασι τὸν νόμον, ψεύδεσθαι μᾶλλον αἱρήσεσθε;",ἐξὸν,ἔξεστι,FALSE,TRUE,ψεύδεσθαι,ψεύδεσθαι,NA,NA,NA,FALSE,ὑμῖν,ὑμῖν,NA,NA,λύσασι,λύσασι,P,NA,NA,NA,NA,NA,NA,NA,NA,NA,TRUE,NA,FALSE,NA,8,juridical,attic,Demosthenes,FALSE,P,Agent
3245,Demosthenes (0014),Against Aphobus 1 (027),68.1,"δέομαι οὖν ὑμῶν, ὦ ἄνδρες δικασταί, καὶ ἱκετεύω καὶ ἀντιβολῶ, μνησθέντας καὶ τῶν νόμων καὶ τῶν ὅρκων οὓς ὀμόσαντες δικάζετε, βοηθῆσαι ἡμῖν τὰ δίκαια, καὶ μὴ περὶ πλείονος τὰς τούτου δεήσεις ἢ τὰς ἡμετέρας ποιήσασθαι.",δέομαι,δέομαι,TRUE,FALSE,βοηθῆσαι,βοηθῆσαι,NA,NA,NA,FALSE,ὑμῶν,ὑμῶν,NA,NA,μνησθέντας,μνησθέντας,P,NA,NA,NA,NA,NA,NA,NA,NA,NA,FALSE,NA,FALSE,QUAL VERBO REGE?,8,juridical,attic,Demosthenes,FALSE,P,Recipient
3255,Demosthenes (0014),Against Eubulides (057),1.5,"δέομαι δ’ ἁπάντων ὑμῶν, ὦ ἄνδρες δικασταί, καὶ ἱκετεύω καὶ ἀντιβολῶ, λογισαμένους τό τε μέγεθος τοῦ παρόντος ἀγῶνος καὶ τὴν αἰσχύνην μεθ’ ἧς ὑπάρχει τοῖς ἁλισκομένοις ἀπολωλέναι, ἀκοῦσαι καὶ ἐμοῦ σιωπῇ, μάλιστα μέν, εἰ δυνατόν, μετὰ πλείονος εὐνοίας ἢ τούτου (τοῖς γὰρ ἐν κινδύνῳ καθεστηκόσιν εἰκὸς εὐνοϊκωτέρους ὑπάρχειν) εἰ δὲ μή, μετά γε τῆς ἴσης.",δέομαι,δέομαι,TRUE,FALSE,ἀπολωλέναι,ἀπολωλέναι,NA,NA,NA,FALSE,ἁπάντων ὑμῶν,ἁπάντων ὑμῶν,NA,NA,λογισαμένους,λογισαμένους,P,NA,NA,NA,NA,NA,NA,NA,NA,NA,FALSE,NA,FALSE,QUAL VERBO REGE?,8,juridical,attic,Demosthenes,FALSE,P,Recipient
3276,Demosthenes (0014),Against Olympiodorus (048),3.1,"δέομαι οὖν ὑμῶν, ὦ ἄνδρες δικασταί, ἀκούσαντας ἀμφοτέρων ἡμῶν καὶ αὐτοὺς δοκιμαστὰς τοῦ πράγματος γενομένους μάλιστα μὲν διαλλάξαντας ἀποπέμψαι καὶ εὐεργέτας ἡμῶν ἀμφοτέρων ὑμᾶς γενέσθαι, ἐὰν δ’ ἄρα μὴ ἐπιτυγχάνητε τούτου, ἐκ τῶν ὑπολοίπων τῷ τὰ δίκαια λέγοντι, τούτῳ τὴν ψῆφον ὑμᾶς προσθέσθαι.",δέομαι,δέομαι,TRUE,FALSE,"ἀποπέμψαι, ἀποπέμψαι, γενέσθαι",ἀποπέμψαι,ἀποπέμψαι,γενέσθαι,NA,TRUE,ὑμῶν,ὑμῶν,NA,NA,"ἀκούσαντας, δοκιμαστὰς... Γενομένους, διαλλάξαντας, εὐεργέτας",ἀκούσαντας,P,δοκιμαστὰς... Γενομένους,P,διαλλάξαντας,P,εὐεργέτας,P,NA,NA,NA,FALSE,FALSE,FALSE,"Comentar detalhes, incluindo as coordenações",4,juridical,attic,Demosthenes,FALSE,P,Recipient
3303,Demosthenes (0014),Apollodorus Against Callipus (052),32.3,"δέομαι δὲ ὑμῶν αὐτός τε ὑπὲρ ἐμαυτοῦ καὶ ὑπὲρ τοῦ πατρός, ἀναμνησθέντας ὅτι πάντων μὲν ὑμῖν καὶ μάρτυρας καὶ τεκμήρια καὶ νόμους καὶ πίστεις παρεσχόμην ὧν εἴρηκα, τούτῳ δὲ ἐπιδείκνυμι ὅτι ἐξόν, εἴπερ τι αὐτῷ προσῆκεν τοῦ ἀργυρίου, ἐπὶ τὸν Κηφισιάδην βαδίζειν τὸν ὁμολογοῦντα κεκομίσθαι καὶ ἔχειν τὸ ἀργύριον, καὶ ταῦτα μηδὲν ἧττον τὰ πιστὰ παρ’ ἡμῶν λαβόντα, οὐκ ἔρχεται, εἰδὼς ὅτι οὐκ ἔστιν παρ’ ἡμῖν τὸ ἀργύριον, δέομαι ὑμῶν ἀποψηφίσασθαί μου.",δέομαι,δέομαι,TRUE,FALSE,ἀποψηφίσασθαί,ἀποψηφίσασθαί,NA,NA,NA,FALSE,ὑμῶν,ὑμῶν,NA,NA,ἀναμνησθέντας,ἀναμνησθέντας,P,NA,NA,NA,NA,NA,NA,NA,NA,NA,FALSE,NA,FALSE,Comentar a complexidade da passagem e repetição do verbo principal,9,juridical,attic,Demosthenes,FALSE,P,Recipient
3310,Demosthenes (0014),Apollodorus Against Polycles (050),64.1,"ἀνθ’ ὧν ἁπάντων νῦν ὑμῶν δέομαι, ὥσπερ ἐγὼ ὑμῖν εὔτακτον καὶ χρήσιμον ἐμαυτὸν παρέσχον, οὕτω καὶ ὑμᾶς νυνὶ περὶ ἐμοῦ πρόνοιαν ποιησαμένους, καὶ ἀναμνησθέντας ἁπάντων ὧν τε διηγησάμην πρὸς ὑμᾶς, τῶν τε μαρτυριῶν ὧν παρεσχόμην καὶ τῶν ψηφισμάτων, βοηθῆσαι μὲν ἐμοὶ ἀδικουμένῳ, τιμωρήσασθαι δ’ ὑπὲρ ὑμῶν αὐτῶν εἰσπρᾶξαι δὲ τὰ ὑπὲρ τούτου ἀνηλωμένα.",δέομαι,δέομαι,TRUE,FALSE,βοηθῆσαι,βοηθῆσαι,NA,NA,NA,FALSE,ὑμῶν,ὑμῶν,NA,NA,"ὑμᾶς... ποιησαμένους, καὶ ἀναμνησθέντας",ὑμᾶς... ποιησαμένους,P,καὶ ἀναμνησθέντας,P,NA,NA,NA,NA,NA,NA,NA,FALSE,FALSE,FALSE,Repetição do pronome depois de oração encaixada,19,juridical,attic,Demosthenes,FALSE,P,Recipient
3333,Demosthenes (0014),On the False Embassy (019),1.4,"δεήσομαι δὲ πάντων ὑμῶν, ἃ καὶ τοῖς μὴ δεηθεῖσι δίκαιόν ἐστιν ὑπάρχειν, μηδεμίαν μήτε χάριν μήτ’ ἄνδρα ποιεῖσθαι περὶ πλείονος ἢ τὸ δίκαιον καὶ τὸν ὅρκον ὃν εἰσελήλυθεν ὑμῶν ἕκαστος ὀμωμοκώς, ἐνθυμουμένους ὅτι ταῦτα μέν ἐσθ’ ὑπὲρ ὑμῶν καὶ ὅλης τῆς πόλεως, αἱ δὲ τῶν παρακλήτων αὗται δεήσεις καὶ σπουδαὶ τῶν ἰδίων πλεονεξιῶν εἵνεκα γίγνονται, ἃς ἵνα κωλύηθ’ οἱ νόμοι συνήγαγον ὑμᾶς, οὐχ ἵνα κυρίας τοῖς ἀδικοῦσι ποιῆτε.",δεήσομαι,δέομαι,TRUE,FALSE,ποιεῖσθαι,ποιεῖσθαι,NA,NA,NA,FALSE,ὑμῶν,ὑμῶν,NA,NA,ἐνθυμουμένους,ἐνθυμουμένους,P,NA,NA,NA,NA,NA,NA,NA,NA,NA,FALSE,NA,FALSE,NA,28,juridical,attic,Demosthenes,FALSE,P,Recipient
3792,Demosthenes (0014),Against Olympiodorus (048),51.2,ἐγὼ γὰρ αὐτῷ ἐπήγγειλα ἥκειν ἔχοντι τὰς συνθήκας.,ἐπήγγειλα,ἐπαγγέλλω,TRUE,FALSE,ἥκειν,ἥκειν,NA,NA,NA,FALSE,αὐτῷ,αὐτῷ,NA,NA,ἔχοντι,ἔχοντι,P,NA,NA,NA,NA,NA,NA,NA,NA,NA,TRUE,NA,FALSE,verbo de movimento + exw,3,juridical,attic,Demosthenes,FALSE,P,Recipient
4281,Euripides (0006),Hecuba (040),538,πρευμενὴς δ’ ἡμῖν γενοῦ λῦσαί τε πρύμνας καὶ χαλινωτήρια νεῶν δὸς ἡμῖν πρευμενοῦς τ’ ἀπ’ Ἰλίου νόστου τυχόντας πάντας ἐς πάτραν μολεῖν.,δὸς,δίδωμι,TRUE,FALSE,μολεῖν,μολεῖν,NA,NA,NA,FALSE,ἡμῖν,ἡμῖν,NA,NA,τυχόντας,τυχόντας,P,NA,NA,NA,NA,NA,NA,NA,NA,NA,FALSE,NA,FALSE,NA,6,drama,attic,Euripides,FALSE,P,Recipient
4429,Herodotus (0016),Histories (001),9.60.7,"νῦν ὦν δέδοκται τὸ ἐνθεῦτεν τὸ ποιητέον ἡμῖν, ἀμυνομένους γὰρ τῇ δυνάμεθα ἄριστα περιστέλλειν ἀλλήλους.",δέδοκται,δοκέω,FALSE,FALSE,περιστέλλειν,περιστέλλειν,NA,NA,NA,FALSE,ἡμῖν,ἡμῖν,NA,NA,ἀμυνομένους,ἀμυνομένους,P,NA,NA,NA,NA,NA,NA,NA,NA,NA,FALSE,NA,FALSE,NA,1,historiography,jonic,Herodotus,FALSE,P,Experiencer
4430,Herodotus (0016),Histories (001),1.3.5,"οὕτω δὴ ἁρπάσαντος αὐτοῦ Ἑλένην, τοῖσι Ἕλλησι δόξαι πρῶτὸν πέμψαντας ἀγγέλους ἀπαιτέειν τε Ἑλένην καὶ δίκας τῆς ἁρπαγῆς αἰτέειν.",δόξαι,δοκέω,FALSE,FALSE,ἀπαιτέειν,ἀπαιτέειν,NA,NA,NA,FALSE,τοῖσι Ἕλλησι,τοῖσι Ἕλλησι,NA,NA,πέμψαντας,πέμψαντας,P,NA,NA,NA,NA,NA,NA,NA,NA,NA,FALSE,NA,FALSE,NA,3,historiography,jonic,Herodotus,FALSE,P,Experiencer
4431,Herodotus (0016),Histories (001),1.19.5,"μακροτέρης δέ οἱ γινομένης τῆς νούσου πέμπει ἐς Δελφοὺς θεοπρόπους, εἴτε δὴ συμβουλεύσαντός τευ, εἴτε καὶ αὐτῷ ἔδοξε πέμψαντα τὸν θεὸν ἐπειρέσθαι περὶ τῆς νούσου.",ἔδοξε,δοκέω,FALSE,FALSE,ἐπειρέσθαι,ἐπειρέσθαι,NA,NA,NA,FALSE,αὐτῷ,αὐτῷ,NA,NA,πέμψαντα,πέμψαντα,P,NA,NA,NA,NA,NA,NA,NA,NA,NA,FALSE,NA,FALSE,NA,2,historiography,jonic,Herodotus,πέμψαντι,P,Experiencer
4448,Herodotus (0016),Histories (001),1.207.23,"νῦν ὦν μοι δοκέει διαβάντας προελθεῖν ὅσον ἂν ἐκεῖνοι ὑπεξίωσι, ἐνθεῦτεν δὲ τάδε ποιεῦντας πειρᾶσθαι ἐκείνων περιγενέσθαι.",δοκέει,δοκέω,FALSE,FALSE,προελθεῖν,προελθεῖν,NA,NA,NA,FALSE,μοι,μοι,NA,NA,διαβάντας,διαβάντας,P,NA,NA,NA,NA,NA,NA,NA,NA,NA,FALSE,NA,TRUE,Troca de número,2,historiography,jonic,Herodotus,FALSE,P,Experiencer
4469,Herodotus (0016),Histories (001),2.151.10,"οἳ δὲ ἐν φρενὶ λαβόντες τό τε ποιηθὲν ἐκ Ψαμμητίχου καὶ τὸ χρηστήριον, ὅτι ἐκέχρηστό σφι τὸν χαλκέῃ σπείσαντα αὐτῶν φιάλῃ τοῦτον βασιλέα ἔσεσθαι μοῦνον Αἰγύπτου, ἀναμνησθέντες τοῦ χρησμοῦ κτεῖναι μὲν οὐκ ἐδικαίωσαν Ψαμμήτιχον, ὡς ἀνεύρισκον βασανίζοντες ἐξ οὐδεμιῆς προνοίης αὐτὸν ποιήσαντα, ἐς δὲ τὰ ἕλεα ἔδοξέ σφι διῶξαι ψιλώσαντας τὰ πλεῖστα τῆς δυνάμιος, ἐκ δὲ τῶν ἑλέων ὁρμώμενον μὴ ἐπιμίσγεσθαι τῇ ἄλλῃ Αἰγύπτῳ.",ἔδοξέ,δοκέω,FALSE,FALSE,διῶξαι,διῶξαι,NA,NA,NA,FALSE,σφι,σφι,NA,NA,ψιλώσαντας,ψιλώσαντας,P,NA,NA,NA,NA,NA,NA,NA,NA,NA,FALSE,NA,FALSE,NA,2,historiography,jonic,Herodotus,FALSE,P,Experiencer
4478,Herodotus (0016),Histories (001),3.62.17,νῦν ὦν μοι δοκέει μεταδιώξαντας τὸν κήρυκα ἐξετάζειν εἰρωτεῦντας παρ’ ὅτευ ἥκων προαγορεύει ἡμῖν Σμέρδιος βασιλέος ἀκούειν. ʺ,δοκέει,δοκέω,FALSE,FALSE,ἐξετάζειν,ἐξετάζειν,NA,NA,NA,FALSE,μοι,μοι,NA,NA,"μεταδιώξαντας, εἰρωτεῦντας",μεταδιώξαντας,P,εἰρωτεῦντας,P,NA,NA,NA,NA,NA,NA,NA,FALSE,FALSE,FALSE,Troca de número,2,historiography,jonic,Herodotus,FALSE,P,Experiencer
4498,Herodotus (0016),Histories (001),4.3.12,"νῦν ὦν μοι δοκέει αἰχμὰς μὲν καὶ τόξα μετεῖναι, λαβόντα δὲ ἕκαστον τοῦ ἵππου τὴν μάστιγα ἰέναι ἆσσον αὐτῶν.",δοκέει,δοκέω,FALSE,FALSE,ἰέναι,ἰέναι,NA,NA,NA,FALSE,μοι,μοι,NA,NA,λαβόντα,λαβόντα,P,NA,NA,NA,NA,NA,NA,NA,NA,NA,FALSE,NA,FALSE,Troca de número indireta,7,historiography,jonic,Herodotus,FALSE,P,Experiencer
4500,Herodotus (0016),Histories (001),4.11.19,"ὡς δὲ δόξαι σφι ταῦτα, διαστάντας καὶ ἀριθμὸν ἴσους γενομένους μάχεσθαι πρὸς ἀλλήλους.",δόξαι,δοκέω,FALSE,FALSE,μάχεσθαι,μάχεσθαι,NA,NA,NA,FALSE,σφι,σφι,NA,NA,"διαστάντας, γενομένους",διαστάντας,P,γενομένους,P,NA,NA,NA,NA,NA,NA,NA,FALSE,FALSE,FALSE,NA,2,historiography,jonic,Herodotus,FALSE,P,Experiencer
4503,Herodotus (0016),Histories (001),4.81.19,κομισθῆναι τε δὴ χρῆμα πολλὸν ἀρδίων καί οἱ δόξαι ἐξ αὐτέων μνημόσυνον ποιήσαντι λιπέσθαι.,δόξαι,δοκέω,FALSE,FALSE,λιπέσθαι,λιπέσθαι,NA,NA,NA,FALSE,οἱ,οἱ,NA,NA,ποιήσαντι,ποιήσαντι,P,NA,NA,NA,NA,NA,NA,NA,NA,NA,TRUE,NA,FALSE,NA,5,historiography,jonic,Herodotus,FALSE,P,Experiencer
4522,Herodotus (0016),Histories (001),"5.92,gamma.19","ἀποδόντες ὦν ὀπίσω τῇ τεκούσῃ τὸ παιδίον καὶ ἐξελθόντες ἔξω, ἑστεῶτες ἐπὶ τῶν θυρέων ἀλλήλων ἅπτοντο καταιτιώμενοι, καὶ μάλιστα τοῦ πρώτου λαβόντος, ὅτι οὐκ ἐποίησε κατὰ τὰ δεδογμένα, ἐς ὃ δή σφι χρόνου ἐγγινομένου ἔδοξε αὖτις παρελθόντας πάντας τοῦ φόνου μετίσχειν.",ἔδοξε,δοκέω,FALSE,FALSE,μετίσχειν,μετίσχειν,NA,NA,NA,FALSE,σφι,σφι,NA,NA,παρελθόντας,παρελθόντας,P,NA,NA,NA,NA,NA,NA,NA,NA,NA,FALSE,NA,TRUE,Comentar presença de pantas,5,historiography,jonic,Herodotus,FALSE,P,Experiencer
4524,Herodotus (0016),Histories (001),5.96.10,οὐκ ἐνδεκομένοισι δέ σφι ἐδέδοκτο ἐκ τοῦ φανεροῦ τοῖσι Πέρσῃσι πολεμίους εἶναι.,ἐδέδοκτο,δοκέω,FALSE,FALSE,εἶναι,εἶναι,NA,NA,NA,TRUE,ἐνδεκομένοισι δέ σφι,ἐνδεκομένοισι δέ σφι,NA,NA,πολεμίους,πολεμίους,A,NA,NA,NA,NA,NA,NA,NA,NA,NA,FALSE,NA,FALSE,NA,7,historiography,jonic,Herodotus,FALSE,A,Experiencer
4527,Herodotus (0016),Histories (001),6.22.1,"Σαμίων δὲ τοῖσί τι ἔχουσι τὸ μὲν ἐς τοὺς Μήδους ἐκ τῶν στρατηγῶν τῶν σφετέρων ποιηθὲν οὐδαμῶς ἤρεσκε, ἐδόκεε δὲ μετὰ τὴν ναυμαχίην αὐτίκα βουλευομένοισι, πρὶν ἤ σφι ἐς τὴν χώρην ἀπικέσθαι τὸν τύραννον Αἰάκεα, ἐς ἀποικίην ἐκπλέειν μηδὲ μένοντας Μήδοισί τε καὶ Αἰάκεϊ δουλεύειν.",ἐδόκεε,δοκέω,FALSE,FALSE,ἐκπλέειν,ἐκπλέειν,NA,NA,NA,FALSE,βουλευομένοισι,βουλευομένοισι,NA,NA,μένοντας,μένοντας,P,NA,NA,NA,NA,NA,NA,NA,NA,NA,FALSE,NA,FALSE,NA,15,historiography,jonic,Herodotus,FALSE,P,Experiencer
4532,Herodotus (0016),Histories (001),6.82.14,"ταῦτά τε ὦν ἐπιλεγομένῳ καὶ βουλευομένῳ ἔδοξέ μοι τὰ ἡμίσεα πάσης τῆς οὐσίης ἐξαργυρώσαντα θέσθαι παρὰ σέ, εὖ ἐξεπισταμένῳ ὥς μοι κείμενα ἔσται παρὰ σοὶ σόα.",ἔδοξέ,δοκέω,FALSE,FALSE,θέσθαι,θέσθαι,NA,NA,NA,FALSE,μοι,μοι,NA,NA,ἐξαργυρώσαντα,ἐξαργυρώσαντα,P,NA,NA,NA,NA,NA,NA,NA,NA,NA,FALSE,NA,FALSE,NA,6,historiography,jonic,Herodotus,FALSE,P,Experiencer
4572,Herodotus (0016),Histories (001),9.25.1,ἐς τοῦτον δὴ τὸν χῶρον καὶ ἐπὶ τὴν κρήνην τὴν Γαργαφίην τὴν ἐν τῷ χώρῳ τούτῳ ἐοῦσαν ἔδοξέ σφι χρεὸν εἶναι ἀπικέσθαι καὶ διαταχθέντας στρατοπεδεύεσθαι.,ἔδοξέ,δοκέω,FALSE,FALSE,στρατοπεδεύεσθαι,στρατοπεδεύεσθαι,NA,NA,NA,FALSE,σφι,σφι,NA,NA,διαταχθέντας,διαταχθέντας,P,NA,NA,NA,NA,NA,NA,NA,NA,NA,FALSE,NA,FALSE,comentar camada intermediária,5,historiography,jonic,Herodotus,FALSE,P,Experiencer
4581,Herodotus (0016),Histories (001),9.87.2,"ἄνδρες Θηβαῖοι, ἐπειδὴ οὕτω δέδοκται τοῖσι Ἕλλησι, μὴ πρότερον ἀπαναστῆναι πολιορκέοντας ἢ ἐξέλωσι Θήβας ἢ ἡμέας αὐτοῖσι παραδῶτε, νῦν ὦν ἡμέων εἵνεκα γῆ ἡ Βοιωτίη πλέω μὴ ἀναπλήσῃ, ἀλλ’ εἰ μὲν χρημάτων χρηίζοντες πρόσχημα ἡμέας ἐξαιτέονται, χρήματά σφι δῶμεν ἐκ τοῦ κοινοῦ (σὺν γὰρ τῷ κοινῷ καὶ ἐμηδίσαμεν οὐδὲ μοῦνοι ἡμεῖς), εἰ δὲ ἡμέων ἀληθέως δεόμενοι πολιορκέουσι, ἡμεῖς ἡμέας αὐτοὺς ἐς ἀντιλογίην παρέξομεν. ʺ",δέδοκται,δοκέω,FALSE,FALSE,ἀπαναστῆναι,ἀπαναστῆναι,NA,NA,NA,FALSE,τοῖσι Ἕλλησι,τοῖσι Ἕλλησι,NA,NA,πολιορκέοντας,πολιορκέοντας,P,NA,NA,NA,NA,NA,NA,NA,NA,NA,FALSE,NA,FALSE,NA,4,historiography,jonic,Herodotus,FALSE,P,Experiencer
4583,Herodotus (0016),Histories (001),9.106.14,"πρὸς ταῦτα Πελοποννησίων μὲν τοῖσι ἐν τέλεϊ ἐοῦσι ἐδόκεε τῶν μηδισάντων ἐθνέων τῶν Ἑλληνικῶν τὰ ἐμπολαῖα ἐξαναστήσαντας δοῦναι τὴν χώρην Ἴωσι ἐνοικῆσαι, Ἀθηναίοισι δὲ οὐκ ἐδόκεε ἀρχὴν Ἰωνίην γενέσθαι ἀνάστατον οὐδὲ Πελοποννησίοισι περὶ τῶν σφετερέων ἀποικιέων βουλεύειν·",ἐδόκεε,δοκέω,FALSE,FALSE,δοῦναι,δοῦναι,NA,NA,NA,FALSE,τοῖσι ἐν τέλεϊ ἐοῦσι,τοῖσι ἐν τέλεϊ ἐοῦσι,NA,NA,ἐξαναστήσαντας,ἐξαναστήσαντας,P,NA,NA,NA,NA,NA,NA,NA,NA,NA,FALSE,NA,FALSE,NA,9,historiography,jonic,Herodotus,FALSE,P,Experiencer
4584,Herodotus (0016),Histories (001),9.114.2,"τοῖσι μέν νυν ἀμφὶ Λευτυχίδην Πελοποννησίοις ἔδοξε ἀποπλέειν ἐς τὴν Ἑλλάδα, Ἀθηναίοισι δὲ καὶ Ξανθίππῳ τῷ στρατηγῷ αὐτοῦ ὑπομείναντας πειρᾶσθαι τῆς Χερσονήσου.",ἔδοξε,δοκέω,FALSE,FALSE,πειρᾶσθαι,πειρᾶσθαι,NA,NA,NA,FALSE,Ἀθηναίοισι δὲ καὶ Ξανθίππῳ τῷ στρατηγῷ,Ἀθηναίοισι δὲ καὶ Ξανθίππῳ τῷ στρατηγῷ,NA,NA,ὑπομείναντας,ὑπομείναντας,P,NA,NA,NA,NA,NA,NA,NA,NA,NA,FALSE,NA,FALSE,NA,2,historiography,jonic,Herodotus,FALSE,P,Experiencer
4586,Herodotus (0016),Histories (001),3.142.2,τῷ δικαιοτάτῳ ἀνδρῶν βουλομένῳ γενέσθαι οὐκ ἐξεγένετο.,ἐξεγένετο,ἐκγίγνομαι,FALSE,TRUE,γενέσθαι,γενέσθαι,NA,NA,NA,TRUE,βουλομένῳ,βουλομένῳ,NA,NA,τῷ δικαιοτάτῳ,τῷ δικαιοτάτῳ,N,NA,NA,NA,NA,NA,NA,NA,NA,NA,TRUE,NA,TRUE,NA,-2,historiography,jonic,Herodotus,FALSE,N,Experiencer
4615,Herodotus (0016),Histories (001),1.54.5,"Δελφοὶ δὲ ἀντὶ τούτων ἔδοσαν Κροίσῳ καὶ Λυδοῖσι προμαντηίην καὶ ἀτελείην καὶ προεδρίην, καὶ ἐξεῖναι τῷ βουλομένῳ αὐτῶν γίνεσθαι Δελφὸν ἐς τὸν αἰεὶ χρόνον.",ἐξεῖναι,ἔξεστι,FALSE,TRUE,γίνεσθαι,γίνεσθαι,NA,NA,NA,TRUE,τῷ βουλομένῳ,τῷ βουλομένῳ,NA,NA,Δελφὸν,Δελφὸν,A,NA,NA,NA,NA,NA,NA,NA,NA,NA,FALSE,NA,FALSE,NA,3,historiography,jonic,Herodotus,FALSE,A,Experiencer
4721,Herodotus (0016),Histories (001),5.80.4,"τουτέων ἀδελφεῶν ἐουσέων, δοκέω ἡμῖν Αἰγινητέων δέεσθαι τὸν θεὸν χρῇσαι τιμωρητήρων γενέσθαι. ʺ",δέεσθαι,δέομαι,TRUE,FALSE,γενέσθαι,γενέσθαι,NA,NA,NA,TRUE,Αἰγινητέων,Αἰγινητέων,NA,NA,τιμωρητήρων,τιμωρητήρων,A,NA,NA,NA,NA,NA,NA,NA,NA,NA,TRUE,NA,FALSE,NA,5,historiography,jonic,Herodotus,FALSE,A,Recipient
4728,Herodotus (0016),Histories (001),6.100.1,Ἐρετριέες δὲ πυνθανόμενοι τὴν στρατιὴν τὴν Περσικὴν ἐπὶ σφέας ἐπιπλέουσαν Ἀθηναίων ἐδεήθησαν σφίσι βοηθοὺς γενέσθαι.,ἐδεήθησαν,δέομαι,TRUE,FALSE,γενέσθαι,γενέσθαι,NA,NA,NA,TRUE,Ἀθηναίων,Ἀθηναίων,NA,NA,βοηθοὺς,βοηθοὺς,A,NA,NA,NA,NA,NA,NA,NA,NA,NA,FALSE,NA,FALSE,MESTRADO,3,historiography,jonic,Herodotus,FALSE,A,Recipient
4885,Herodotus (0016),Histories (001),1.46.15,"ἐντειλάμενος δὲ τοῖσι Λυδοῖσι τάδε ἀπέπεμπε ἐς τὴν διάπειραν τῶν χρηστηρίων, ἀπ’ ἧς ἂν ἡμέρης ὁρμηθέωσι ἐκ Σαρδίων, ἀπὸ ταύτης ἡμερολογέοντας τὸν λοιπὸν χρόνον ἑκατοστῇ ἡμέρῃ χρᾶσθαι τοῖσι χρηστηρίοισι, ἐπειρωτῶντας ὅ τι ποιέων τυγχάνοι ὁ Λυδῶν βασιλεὺς Κροῖσος ὁ Ἀλυάττεω·",ἐντειλάμενος,ἐντέλλω,TRUE,FALSE,χρᾶσθαι,χρᾶσθαι,NA,NA,NA,FALSE,τοῖσι Λυδοῖσι,τοῖσι Λυδοῖσι,NA,NA,"ἡμερολογέοντας, ἐπειρωτῶντας",ἡμερολογέοντας,P,ἐπειρωτῶντας,P,NA,NA,NA,NA,NA,NA,NA,FALSE,FALSE,FALSE,MESTRADO (1.47),17,historiography,jonic,Herodotus,FALSE,P,Recipient
4891,Herodotus (0016),Histories (001),1.117.15,"παραδίδωμι μέντοι τῷδε κατὰ τάδε ἐντειλάμενος, θεῖναὶ μιν ἐς ἔρημον ὄρος καὶ παραμένοντα φυλάσσειν ἄχρι οὗ τελευτήσῃ, ἀπειλήσας παντοῖα τῷδε ἢν μὴ τάδε ἐπιτελέα ποιήσῃ.",ἐντειλάμενος,ἐντέλλω,TRUE,FALSE,φυλάσσειν,φυλάσσειν,NA,NA,NA,FALSE,τῷδε,τῷδε,NA,NA,παραμένοντα,παραμένοντα,P,NA,NA,NA,NA,NA,NA,NA,NA,NA,FALSE,NA,FALSE,NA,10,historiography,jonic,Herodotus,FALSE,P,Recipient
4892,Herodotus (0016),Histories (001),1.123.16,"ἀπορράψας δὲ τοῦ λαγοῦ τὴν γαστέρα, καὶ δίκτυα δοὺς ἅτε θηρευτῇ τῶν οἰκετέων τῷ πιστοτάτῳ, ἀπέστελλε ἐς τοὺς Πέρσας, ἐντειλάμενὸς οἱ ἀπὸ γλώσσης διδόντα τὸν λαγὸν Κύρῳ ἐπειπεῖν αὐτοχειρίῃ μιν διελεῖν καὶ μηδένα οἱ ταῦτα ποιεῦντι παρεῖναι.",ἐντειλάμενὸς,ἐντέλλω,TRUE,FALSE,ἐπειπεῖν,ἐπειπεῖν,NA,NA,NA,FALSE,οἱ,οἱ,NA,NA,διδόντα,διδόντα,P,NA,NA,NA,NA,NA,NA,NA,NA,NA,FALSE,NA,FALSE,Comentar o bloco sobre Ciro,3,historiography,jonic,Herodotus,FALSE,P,Recipient
4896,Herodotus (0016),Histories (001),"2.121,gamma.6","τοῦ φωρὸς τὸν νέκυν κατὰ τοῦ τείχεος κατακρεμάσαι, φυλάκους δὲ αὐτοῦ καταστήσαντα ἐντείλασθαί σφι, τὸν ἂν ἴδωνται ἀποκλαύσαντα ἢ κατοικτισάμενον, συλλαβόντας ἄγειν πρὸς ἑωυτόν.",ἐντείλασθαί,ἐντέλλω,TRUE,FALSE,ἄγειν,ἄγειν,NA,NA,NA,FALSE,σφι,σφι,NA,NA,συλλαβόντας,συλλαβόντας,P,NA,NA,NA,NA,NA,NA,NA,NA,NA,FALSE,NA,FALSE,MESTRADO,7,historiography,jonic,Herodotus,FALSE,P,Recipient
4902,Herodotus (0016),Histories (001),3.25.9,"ἐπείτε δὲ στρατευόμενος ἐγένετο ἐν Θήβῃσι, ἀπέκρινε τοῦ στρατοῦ ὡς πέντε μυριάδας, καὶ τούτοισι μὲν ἐνετέλλετο Ἀμμωνίους ἐξανδραποδισαμένους τὸ χρηστήριον τὸ τοῦ Διὸς ἐμπρῆσαι, αὐτὸς δὲ τὸν λοιπὸν ἄγων στρατὸν ἤιε ἐπὶ τοὺς Αἰθίοπας.",ἐνετέλλετο,ἐντέλλω,TRUE,FALSE,ἐμπρῆσαι,ἐμπρῆσαι,NA,NA,NA,FALSE,τούτοισι,τούτοισι,NA,NA,ἐξανδραποδισαμένους,ἐξανδραποδισαμένους,P,NA,NA,NA,NA,NA,NA,NA,NA,NA,FALSE,NA,FALSE,MESTRADO,4,historiography,jonic,Herodotus,FALSE,P,Recipient
4905,Herodotus (0016),Histories (001),3.36.20,"ὁ δὲ ἐπείτε τοξεῦσαι οὐκ εἶχε, ἐνετείλατο τοῖσι θεράπουσι λαβόντας μιν ἀποκτεῖναι.",ἐνετείλατο,ἐντέλλω,TRUE,FALSE,ἀποκτεῖναι,ἀποκτεῖναι,NA,NA,NA,FALSE,τοῖσι θεράπουσι,τοῖσι θεράπουσι,NA,NA,λαβόντας,λαβόντας,P,NA,NA,NA,NA,NA,NA,NA,NA,NA,FALSE,NA,TRUE,NA,1,historiography,jonic,Herodotus,FALSE,P,Recipient
4912,Herodotus (0016),Histories (001),3.135.2,"ἐπείτε γὰρ τάχιστα ἡμέρη ἐπέλαμψε, καλέσας Περσέων ἄνδρας δοκίμους πεντεκαίδεκα ἐνετέλλετό σφι ἑπομένους Δημοκήδεϊ διεξελθεῖν τὰ παραθαλάσσια τῆς Ἑλλάδος, ὅκως τε μὴ διαδρήσεται σφέας ὁ Δημοκήδης, ἀλλά μιν πάντως ὀπίσω ἀπάξουσι.",ἐνετέλλετό,ἐντέλλω,TRUE,FALSE,διεξελθεῖν,διεξελθεῖν,NA,NA,NA,FALSE,σφι,σφι,NA,NA,ἑπομένους,ἑπομένους,P,NA,NA,NA,NA,NA,NA,NA,NA,NA,FALSE,NA,FALSE,MESTRADO,1,historiography,jonic,Herodotus,FALSE,P,Recipient
4919,Herodotus (0016),Histories (001),4.133.5,"πυνθανόμεθα γὰρ Δαρεῖον ἐντείλασθαι ὑμῖν ἑξήκοντα ἡμέρας μούνας φρουρήσαντας τὴν γέφυραν, αὐτοῦ μὴ παραγενομένου ἐν τούτῳ τῷ χρόνῳ, ἀπαλλάσσεσθαι ἐς τὴν ὑμετέρην.",ἐντείλασθαι,ἐντέλλω,TRUE,FALSE,ἀπαλλάσσεσθαι,ἀπαλλάσσεσθαι,NA,NA,NA,FALSE,ὑμῖν,ὑμῖν,NA,NA,φρουρήσαντας,φρουρήσαντας,P,NA,NA,NA,NA,NA,NA,NA,NA,NA,FALSE,NA,FALSE,MESTRADO,4,historiography,jonic,Herodotus,FALSE,P,Recipient
4920,Herodotus (0016),Histories (001),5.12.1,"τελεωθέντων δὲ ἀμφοτέροισι, οὗτοι μὲν κατὰ τὰ εἵλοντο ἐτράποντο, Δαρεῖον δὲ συνήνεικε πρῆγμα τοιόνδε ἰδόμενον ἐπιθυμῆσαι ἐντείλασθαι Μεγαβάζῳ Παίονας ἑλόντα ἀνασπάστους ποιῆσαι ἐς τὴν Ἀσίην ἐκ τῆς Εὐρώπης.",ἐντείλασθαι,ἐντέλλω,TRUE,FALSE,ποιῆσαι,ποιῆσαι,NA,NA,NA,FALSE,Μεγαβάζῳ,Μεγαβάζῳ,NA,NA,ἑλόντα,ἑλόντα,P,NA,NA,NA,NA,NA,NA,NA,NA,NA,FALSE,NA,FALSE,MESTRADO,2,historiography,jonic,Herodotus,FALSE,P,Recipient
4994,Herodotus (0016),Histories (001),4.89.3,"Δαρεῖος δὲ δωρησάμενος Μανδροκλέα διέβαινε ἐς τὴν Εὐρώπην, τοῖσι Ἴωσι παραγγείλας πλέειν ἐς τὸν Πόντον μέχρι Ἴστρου ποταμοῦ, ἐπεὰν δὲ ἀπίκωνται ἐς τὸν Ἴστρον, ἐνθαῦτα αὐτὸν περιμένειν ζευγνύντας τὸν ποταμόν.",παραγγείλας,παραγγέλλω,TRUE,FALSE,περιμένειν,περιμένειν,NA,NA,NA,FALSE,τοῖσι Ἴωσι,τοῖσι Ἴωσι,NA,NA,ζευγνύντας,ζευγνύντας,P,NA,NA,NA,NA,NA,NA,NA,NA,NA,FALSE,NA,FALSE,MESTRADO,18,historiography,jonic,Herodotus,FALSE,P,Recipient
4995,Herodotus (0016),Histories (001),6.50.12,"μαθὼν δὲ ὁ Κλεομένης ποιεῦντας τοὺς Ἀργείους ὁκοῖόν τι ὁ σφέτερος κῆρυξ σημήνειε, παραγγέλλει σφι, ὅταν σημήνῃ ὁ κῆρυξ ποιέεσθαι ἄριστον, τότε ἀναλαβόντας τὰ ὅπλα χωρέειν ἐς τοὺς Ἀργείους.",παραγγέλλει,παραγγέλλω,TRUE,FALSE,χωρέειν,χωρέειν,NA,NA,NA,FALSE,σφι,σφι,NA,NA,ἀναλαβόντας,ἀναλαβόντας,P,NA,NA,NA,NA,NA,NA,NA,NA,NA,FALSE,NA,FALSE,MESTRADO (6.78),8,historiography,jonic,Herodotus,FALSE,P,Recipient
4996,Herodotus (0016),Histories (001),9.53.1,"καὶ οἳ μὲν περὶ τὸ Ἥραιον ἐστρατοπεδεύοντο, Παυσανίης δὲ ὁρῶν σφεας ἀπαλλασσομένους ἐκ τοῦ στρατοπέδου παρήγγελλε καὶ τοῖσι Λακεδαιμονίοισι ἀναλαβόντας τὰ ὅπλα ἰέναι κατὰ τοὺς ἄλλους τοὺς προϊόντας, νομίσας αὐτοὺς ἐς τὸν χῶρον ἰέναι ἐς τὸν συνεθήκαντο.",παρήγγελλε,παραγγέλλω,TRUE,FALSE,ἰέναι,ἰέναι,NA,NA,NA,FALSE,τοῖσι Λακεδαιμονίοισι,τοῖσι Λακεδαιμονίοισι,NA,NA,ἀναλαβόντας,ἀναλαβόντας,P,NA,NA,NA,NA,NA,NA,NA,NA,NA,FALSE,NA,FALSE,Verbo de movimento,1,historiography,jonic,Herodotus,FALSE,P,Recipient
5073,Herodotus (0016),Histories (001),3.53.1,"ἐπεὶ δὲ τοῦ χρόνου προβαίνοντος ὅ τε Περίανδρος παρηβήκεε καὶ συνεγινώσκετο ἑωυτῷ οὐκέτι εἶναι δυνατὸς τὰ πρήγματα ἐπορᾶν τε καὶ διέπειν, πέμψας ἐς τὴν Κέρκυραν ἀπεκάλεε τὸν Λυκόφρονα ἐπὶ τὴν τυραννίδα·",συνεγινώσκετο,συγγιγνώσκω,TRUE,FALSE,εἶναι,εἶναι,NA,NA,NA,TRUE,ἑωυτῷ,ἑωυτῷ,NA,NA,δυνατὸς,δυνατὸς,A,NA,NA,NA,NA,NA,NA,NA,NA,NA,FALSE,NA,FALSE,"REFLEXIVO, +NOM, comparar com o exemplo de katadikazw",3,historiography,jonic,Herodotus,FALSE,A,Recipient
5081,Herodotus (0016),Histories (001),2.107.8,"τὴν δέ οἱ συμβουλεῦσαι τῶν παίδων ἐόντων ἓξ τοὺς δύο ἐπὶ τὴν πυρὴν ἐκτείναντα γεφυρῶσαι τὸ καιόμενον, αὐτοὺς δὲ ἐπ᾽ ἐκείνων ἐπιβαίνοντας ἐκσώζεσθαι. ταῦτα ποιῆσαι τὸν Σέσωστριν, καὶ δύο μὲν τῶν παίδων κατακαῆναι τρόπῳ τοιούτῳ, τοὺς δὲ λοιποὺς ἀποσωθῆναι ἅμα τῷ πατρί.",συμβουλεῦσαι,συμβουλεύω,TRUE,FALSE,γεφυρῶσαι,γεφυρῶσαι,NA,NA,NA,FALSE,οἱ,οἱ,NA,NA,ἐκτείναντα,ἐκτείναντα,P,NA,NA,NA,NA,NA,NA,NA,NA,NA,FALSE,NA,FALSE,MESTRADO,11,historiography,jonic,Herodotus,FALSE,P,Recipient
5083,Herodotus (0016),Histories (001),3.21.14,"βασιλεὺς ὁ Αἰθιόπων συμβουλεύει τῷ Περσέων βασιλέι, ἐπεὰν οὕτω εὐπετέως ἕλκωσι τὰ τόξα Πέρσαι ἐόντα μεγάθεϊ τοσαῦτα, τότε ἐπ’ Αἰθίοπας τοὺς μακροβίους πλήθεϊ ὑπερβαλλόμενον στρατεύεσθαι·",συμβουλεύει,συμβουλεύω,TRUE,FALSE,στρατεύεσθαι,στρατεύεσθαι,NA,NA,NA,FALSE,τῷ Περσέων βασιλέι,τῷ Περσέων βασιλέι,NA,NA,ὑπερβαλλόμενον,ὑπερβαλλόμενον,P,NA,NA,NA,NA,NA,NA,NA,NA,NA,FALSE,NA,FALSE,NA,17,historiography,jonic,Herodotus,FALSE,P,Recipient
5093,Herodotus (0016),Histories (001),7.120.1,"ἔνθα δὴ Μεγακρέοντος ἀνδρὸς Ἀβδηρίτεω ἔπος εὖ εἰρημένον ἐγένετο, ὃς συνεβούλευσε Ἀβδηρίτῃσι πανδημεί, αὐτοὺς καὶ γυναῖκας, ἐλθόντας ἐς τὰ σφέτερα ἱρὰ ἵζεσθαι ἱκέτας τῶν θεῶν παραιτεομένους καὶ τὸ λοιπόν σφι ἀπαμύνειν τῶν ἐπιόντων κακῶν τὰ ἡμίσεα, τῶν τε παροιχομένων ἔχειν σφι μεγάλην χάριν, ὅτι βασιλεὺς Ξέρξης οὐ δὶς ἑκάστης ἡμέρης ἐνόμισε σῖτον αἱρέεσθαι·",συνεβούλευσε,συμβουλεύω,TRUE,FALSE,ἵζεσθαι,ἵζεσθαι,NA,NA,NA,FALSE,Ἀβδηρίτῃσι,Ἀβδηρίτῃσι,NA,NA,"ἐλθόντας, παραιτεομένους",ἐλθόντας,P,παραιτεομένους,P,NA,NA,NA,NA,NA,NA,NA,FALSE,FALSE,FALSE,MESTRADO,5,historiography,jonic,Herodotus,FALSE,P,Recipient
5095,Herodotus (0016),Histories (001),7.141.2,"προβάλλουσι δὲ σφέας αὐτοὺς ὑπὸ τοῦ κακοῦ τοῦ κεχρησμένου, Τίμων ὁ Ἀνδροβούλου, τῶν Δελφῶν ἀνὴρ δόκιμος ὅμοια τῷ μάλιστα, συνεβούλευέ σφι ἱκετηρίην λαβοῦσι δεύτερα αὖτις ἐλθόντας χρᾶσθαι τῷ χρηστηρίῳ ὡς ἱκέτας.",συνεβούλευέ,συμβουλεύω,TRUE,FALSE,χρᾶσθαι,χρᾶσθαι,NA,NA,NA,FALSE,σφι,σφι,NA,NA,"λαβοῦσι, ἐλθόντας",λαβοῦσι,P,ἐλθόντας,P,NA,NA,NA,NA,NA,NA,NA,TRUE,FALSE,FALSE,MESTRADO,2,historiography,jonic,Herodotus,FALSE,P,Recipient
5096,Herodotus (0016),Histories (001),7.173.15,"ἀπικόμενοι γὰρ ἄγγελοι παρὰ Ἀλεξάνδρου τοῦ Ἀμύντεω ἀνδρὸς Μακεδόνος συνεβούλευόν σφι ἀπαλλάσσεσθαι μηδὲ μένοντας ἐν τῇ ἐσβολῇ καταπατηθῆναι ὑπὸ τοῦ στρατοῦ τοῦ ἐπιόντος, σημαίνοντες τὸ πλῆθός τε τῆς στρατιῆς καὶ τὰς νέας.",συνεβούλευόν,συμβουλεύω,TRUE,FALSE,καταπατηθῆναι,καταπατηθῆναι,NA,NA,NA,FALSE,σφι,σφι,NA,NA,μένοντας,μένοντας,P,NA,NA,NA,NA,NA,NA,NA,NA,NA,FALSE,NA,FALSE,MESTRADO,3,historiography,jonic,Herodotus,FALSE,P,Recipient
5116,Herodotus (0016),Histories (001),7.53.3,"ὦ Πέρσαι, τῶνδ’ ἐγὼ ὑμέων χρηίζων συνέλεξα, ἄνδρας τε γενέσθαι ἀγαθοὺς καὶ μὴ καταισχύνειν τὰ πρόσθε ἐργασμένα Πέρσῃσι, ἐόντα μεγάλα τε καὶ πολλοῦ ἄξια, ἀλλ’ εἷς τε ἕκαστος καὶ οἱ σύμπαντες προθυμίην ἔχωμεν·",χρηίζων,χρῄζω,TRUE,FALSE,γενέσθαι,γενέσθαι,NA,NA,NA,TRUE,ὑμέων,ὑμέων,NA,NA,ἄνδρας,ἄνδρας,N,NA,NA,NA,NA,NA,NA,NA,NA,NA,FALSE,NA,FALSE,MESTRADO,3,historiography,jonic,Herodotus,FALSE,N,Recipient
5157,Isaeus (0017),On the Estate of Dicaeogenes (005),19.1,"ἡμεῖς τοίνυν ταῦτα παθόντες ὑπὸ Λεωχάρους, καὶ ἐγγενόμενον ἡμῖν αὐτὸν ἐπειδὴ εἵλομεν τῶν ψευδομαρτυρίων ἀτιμῶσαι, οὐκ ἐβουλήθημεν, ἀλλ’ ἐξήρκεσε τὰ ἡμέτερα ἡμῖν κομισαμένοις ἀπηλλάχθαι.",ἐξήρκεσε,ἐξαρκέω,FALSE,TRUE,ἀπηλλάχθαι,ἀπηλλάχθαι,NA,NA,NA,FALSE,ἡμῖν,ἡμῖν,NA,NA,κομισαμένοις,κομισαμένοις,P,NA,NA,NA,NA,NA,NA,NA,NA,NA,TRUE,NA,FALSE,NA,1,juridical,attic,Isaeus,FALSE,P,Agent
5161,Isaeus (0017),On The Estate Of Aristarchus (010),11.1,"οὐ τοίνυν, ὦ ἄνδρες, οὐδὲ Κυρωνίδην οἷόν τε ἦν ὑὸν Ἀριστάρχῳ εἰσποιῆσαι, ἀλλ’ αὐτῷ μὲν ἐπανελθεῖν εἰς τὸν πατρῷον οἶκον ἐξῆν, ὑὸν ἐγκαταλιπόντα ἐν τῷ Ξεναινέτου οἴκῳ, ἐξ αὑτοῦ δὲ ἀντεισαγαγεῖν οὐκ ἔστι νόμος·",ἐξῆν,ἔξεστι,FALSE,TRUE,ἐπανελθεῖν,ἐπανελθεῖν,NA,NA,NA,FALSE,αὐτῷ,αὐτῷ,NA,NA,ἐγκαταλιπόντα,ἐγκαταλιπόντα,P,NA,NA,NA,NA,NA,NA,NA,NA,NA,FALSE,NA,FALSE,NA,9,juridical,attic,Isaeus,FALSE,P,Agent
5166,Isaeus (0017),On The Estate Of Pyrrhus (003),21,"παρὰ δὲ τῶν ἀσθενούντων ἢ τῶν ἀποδημεῖν μελλόντων ὅταν τις ἐκμαρτυρίαν ποιῆται, τοὺς ἐπιεικεστάτους τῶν πολιτῶν καὶ τοὺς ἡμῖν γνωριμωτάτους ἕκαστος ἡμῶν παρακαλεῖ μάλιστα, καὶ οὐ μεθ’ ἑνὸς οὐδὲ μετὰ δυοῖν, ἀλλ’ ὡς ἂν μετὰ πλείστων δυνώμεθα τὰς ἐκμαρτυρίας πάντες ποιούμεθα, ἵνα τῷ τε ἐκμαρτυρήσαντι μὴ ἐξείη ὕστερον ἐξάρνῳ γενέσθαι τὴν μαρτυρίαν, ὑμεῖς τε πολλοῖς καὶ καλοῖς κἀγαθοῖς ταὐτὰ μαρτυροῦσι πιστεύοιτε μᾶλλον.",ἐξείη,ἔξεστι,FALSE,TRUE,γενέσθαι,γενέσθαι,NA,NA,NA,TRUE,τῷ τε ἐκμαρτυρήσαντι,τῷ τε ἐκμαρτυρήσαντι,NA,NA,ἐξάρνῳ,ἐξάρνῳ,A,NA,NA,NA,NA,NA,NA,NA,NA,NA,TRUE,NA,TRUE,Comentar o acusativo de ten marturian,4,juridical,attic,Isaeus,FALSE,A,Experiencer
5407,Isocrates (0010),Panathenaicus (021),233.1,"ἐν τοιαύτῃ δὲ μοι ταραχῇ καθεστηκότι καὶ μεταβολὰς ποιουμένῳ πολλὰς ἔδοξε κράτιστον εἶναι παρακαλέσαντι τῶν πεπλησιακότων τοὺς ἐπιδημοῦντας βουλεύσασθαι μετ’ αὐτῶν, πότεροι ἀφανιστέος παντάπασίν ἐστιν ἢ διαδοτέος τοῖς βουλομένοις λαμβάνειν, ὁπότερα δ’ ἂν ἐκείνοις δόξῃ, ταῦτα ποιεῖν.",ἔδοξε,δοκέω,FALSE,FALSE,βουλεύσασθαι,βουλεύσασθαι,NA,NA,NA,FALSE,μοι ταραχῇ καθεστηκότι καὶ μεταβολὰς ποιουμένῳ,μοι ταραχῇ καθεστηκότι καὶ μεταβολὰς ποιουμένῳ,NA,NA,παρακαλέσαντι,παρακαλέσαντι,P,NA,NA,NA,NA,NA,NA,NA,NA,NA,TRUE,NA,FALSE,Comentar a diferença entre os dois primeiros particípios e o terceiro. Camada intermediária de infinitivo,5,juridical,attic,Isocrates,FALSE,P,Experiencer
5443,Isocrates (0010),Against Callimachus (002),39.1,"πρὸς δὲ τούτοις ἔτι καὶ νῦν ἔξεστιν αὐτῷ, πρὶν ἀποπειραθῆναι τῆς ὑμετέρας γνώμης, ἀφέντι τὴν δίκην ἀπηλλάχθαι πάντων τῶν πραγμάτων.",ἔξεστιν,ἔξεστι,FALSE,TRUE,ἀπηλλάχθαι,ἀπηλλάχθαι,NA,NA,NA,FALSE,αὐτῷ,αὐτῷ,NA,NA,ἀφέντι,ἀφέντι,P,NA,NA,NA,NA,NA,NA,NA,NA,NA,TRUE,NA,FALSE,NA,6,juridical,attic,Isocrates,FALSE,P,Agent
5450,Isocrates (0010),Against Lochites (003),2.8,"περὶ δὲ τῆς ὕβρεως, ὡς κοινοῦ τοῦ πράγματος ὄντος, ἔξεστι τῷ βουλομένῳ τῶν πολιτῶν γραψαμένῳ πρὸς τοὺς θεσμοθέτας εἰσελθεῖν εἰς ὑμᾶς.",ἔξεστι,ἔξεστι,FALSE,TRUE,εἰσελθεῖν,εἰσελθεῖν,NA,NA,NA,FALSE,τῷ βουλομένῳ,τῷ βουλομένῳ,NA,NA,γραψαμένῳ,γραψαμένῳ,P,NA,NA,NA,NA,NA,NA,NA,NA,NA,TRUE,NA,FALSE,Verbo de movimento,3,juridical,attic,Isocrates,FALSE,P,Agent
5464,Isocrates (0010),Nicocles or the Cyprians (014),64.3,"ὑμῖν δ’ ἔξεστι μηδὲν ταλαιπωρηθεῖσιν, ἀλλὰ πιστοῖς μόνον καὶ δικαίοις οὖσιν, ἅπαντα ταῦτα διαπράξασθαι.",ἔξεστι,ἔξεστι,FALSE,TRUE,διαπράξασθαι,διαπράξασθαι,NA,NA,NA,FALSE,ὑμῖν,ὑμῖν,NA,NA,"ταλαιπωρηθεῖσιν, ἀλλὰ πιστοῖς μόνον καὶ δικαίοις οὖσιν",ταλαιπωρηθεῖσιν,P,ἀλλὰ πιστοῖς μόνον καὶ δικαίοις οὖσιν,P,NA,NA,NA,NA,NA,NA,NA,TRUE,TRUE,FALSE,Coordenado (alla). Particípio,4,juridical,attic,Isocrates,FALSE,P,Agent
5515,Isocrates (0010),Letter 9 (024),18.3,"σοὶ δὲ προσήκει προσέχοντι τὸν νοῦν τοῖς ὑπ’ ἐμοῦ λεγομένοις βουλεύσασθαι, πότερον ὀλιγωρητέον ἐστὶ τῶν Ἑλληνικῶν πραγμάτων γεγονότι μέν, ὥσπερ ὀλίγῳ πρότερον ἐγὼ διῆλθον, ἡγεμόνι δὲ Λακεδαιμονίων ὄντι, βασιλεῖ δὲ προσαγορευομένῳ, μεγίστην δὲ τῶν Ἑλλήνων ἔχοντι δόξαν, ἢ τῶν μὲν ἐνεστώτων πραγμάτων ὑπεροπτέον, μείζοσι δ’ ἐπιχειρητέον.",προσήκει,προσήκω,FALSE,TRUE,βουλεύσασθαι,βουλεύσασθαι,NA,NA,NA,FALSE,σοὶ,σοὶ,NA,NA,προσέχοντι,προσέχοντι,P,NA,NA,NA,NA,NA,NA,NA,NA,NA,TRUE,FALSE,FALSE,Comentar a sequência e o adj. Verbal,3,juridical,attic,Isocrates,FALSE,P,Agent
5581,Isocrates (0010),To Philip (020),89.1,"οἶμαι δὲ τῶν μὲν ἄλλων εἴ τισι δόξειε περὶ τῆς στρατείας τῆς εἰς τὴν Ἀσίαν συμβουλεύειν, ἐπὶ ταύτην ἂν ἐπιπεσεῖν τὴν παράκλησιν, λέγοντας ὡς ὅσοι περ ἐπεχείρησαν πρὸς τὸν βασιλέα πολεμεῖν, ἅπασι συνέπεσεν ἐξ ἀδόξων μὲν γενέσθαι λαμπροῖς, ἐκ πενήτων δὲ πλουσίοις, ἐκ ταπεινῶν δὲ πολλῆς χώρας καὶ πόλεων δεσπόταις.",συνέπεσεν,συμπίπτω,FALSE,TRUE,γενέσθαι,γενέσθαι,NA,NA,NA,TRUE,ἅπασι,λαμπροῖς,πλουσίοις,δεσπόταις,"λαμπροῖς, πλουσίοις, δεσπόταις",λαμπροῖς,A,πλουσίοις,A,δεσπόταις,S,NA,NA,NA,NA,NA,TRUE,TRUE,FALSE,Sequência de coordenações ek X (genesthai) Y,6,juridical,attic,Isocrates,FALSE,A,Experiencer
5610,Isocrates (0010),Antidosis (019),289.1,"οἵτινες ἐν ταύταις μὲν ταῖς ἀκμαῖς ὄντες ὑπερεῖδον τὰς ἡδονάς, ἐν αἷς οἱ πλεῖστοι τῶν τηλικούτων μάλιστ’ αὐτῶν ἐπιθυμοῦσιν, ἐξὸν δ’ αὐτοῖς ῥᾳθυμεῖν μηδὲν δαπανωμένοις εἵλοντο πονεῖν χρήματα τελέσαντες, ἄρτι δ’ ἐκ παίδων ἐξεληλυθότες ἔγνωσαν ἃ πολλοὶ τῶν πρεσβυτέρων οὐκ ἴσασιν, ὅτι δεῖ τὸν ὀρθῶς καὶ πρεπόντως προεστῶτα τῆς ἡλικίας καὶ καλὴν ἀρχὴν τοῦ βίου ποιούμενον αὑτοῦ πρότερον ἢ τῶν αὑτοῦ ποιήσασθαι τὴν ἐπιμέλειαν, καὶ μὴ σπεύδειν μηδὲ ζητεῖν ἑτέρων ἄρχειν πρὶν ἂν τῆς αὑτοῦ διανοίας λάβῃ τὸν ἐπιστατήσοντα, μηδ’ οὕτω χαίρειν μηδὲ μέγα φρονεῖν ἐπὶ τοῖς ἄλλοις ἀγαθοῖς ὡς ἐπὶ τοῖς ἐν τῇ ψυχῇ διὰ τὴν παιδείαν ἐγγιγνομένοις.",ἐξὸν,ἔξεστι,FALSE,TRUE,ῥᾳθυμεῖν,ῥᾳθυμεῖν,NA,NA,NA,FALSE,αὐτοῖς,αὐτοῖς,NA,NA,δαπανωμένοις,δαπανωμένοις,P,NA,NA,NA,NA,NA,NA,NA,NA,NA,TRUE,NA,FALSE,NA,3,juridical,attic,Isocrates,FALSE,P,Agent
5616,Isocrates (0010),Panegyricus (011),131.1,"ἐπεὶ καὶ τοῦτ’ ἔχομεν αὐτοῖς ἐπιτιμᾶν, ὅτι τῇ μὲν αὑτῶν πόλει τοὺς ὁμόρους εἱλωτεύειν ἀναγκάζουσι, τῷ δὲ κοινῷ τῷ τῶν συμμάχων οὐδὲν τοιοῦτον κατασκευάζουσιν, ἐξὸν αὐτοῖς τὰ πρὸς ἡμᾶς διαλυσαμένοις ἅπαντας τοὺς βαρβάρους περιοίκους ὅλης τῆς Ἑλλάδος καταστῆσαι.",ἐξὸν,ἔξεστι,FALSE,TRUE,καταστῆσαι,καταστῆσαι,NA,NA,NA,FALSE,αὐτοῖς,αὐτοῖς,NA,NA,διαλυσαμένοις,διαλυσαμένοις,P,NA,NA,NA,NA,NA,NA,NA,NA,NA,TRUE,NA,FALSE,NA,4,juridical,attic,Isocrates,FALSE,P,Agent
5619,Isocrates (0010),To Philip (020),14.1,"ἀλλὰ τοὺς μὲν ἄλλους ἑώρων τοὺς ἐνδόξους τῶν ἀνδρῶν ὑπὸ πόλεσι καὶ νόμοις οἰκοῦντας, καὶ οὐδὲν ἐξὸν αὐτοῖς ἄλλο πράττειν πλὴν τὸ προσταττόμενον, ἔτι δὲ πολὺ καταδεεστέρους ὄντας τῶν πραγμάτων τῶν ῥηθησομένων, σοὶ δὲ μόνῳ πολλὴν ἐξουσίαν ὑπὸ τῆς τύχης δεδομένην καὶ πρέσβεις πέμπειν πρὸς οὕς τινας ἂν βουληθῇς, καὶ δέχεσθαι παρ’ ὧν ἄν σοι δοκῇ, καὶ λέγειν ὅ τι ἂν ἡγῇ συμφέρειν, πρὸς δὲ τούτοις καὶ πλοῦτον καὶ δύναμιν κεκτημένον ὅσην οὐδεὶς τῶν Ἑλλήνων, ἃ μόνα τῶν ὄντων καὶ πείθειν καὶ βιάζεσθαι πέφυκεν·",ἐξὸν,ἔξεστι,FALSE,TRUE,πράττειν,πράττειν,NA,NA,NA,FALSE,αὐτοῖς,αὐτοῖς,NA,NA,καταδεεστέρους ὄντας,καταδεεστέρους ὄντας,P,NA,NA,NA,NA,NA,NA,NA,NA,NA,FALSE,NA,FALSE,"Comentar posição e eti para primeiro par, distância para segundo",9,juridical,attic,Isocrates,FALSE,P,Agent
5641,Isocrates (0010),Aegineticus (006),51.3,"δέομαι οὖν ὑμῶν καὶ τούτων μεμνημένους καὶ τῶν ἄλλων τῶν εἰρημένων τὰ δίκαια ψηφίσασθαι, καὶ τοιούτους μοι γενέσθαι δικαστάς, οἵων περ ἂν αὐτοὶ τυχεῖν ἀξιώσαιτε.",δέομαι,δέομαι,TRUE,FALSE,ψηφίσασθαι,ψηφίσασθαι,NA,NA,NA,FALSE,ὑμῶν,ὑμῶν,NA,NA,μεμνημένους,μεμνημένους,P,NA,NA,NA,NA,NA,NA,NA,NA,NA,FALSE,NA,FALSE,NA,3,juridical,attic,Isocrates,FALSE,P,Recipient
5644,Isocrates (0010),Antidosis (019),17.1,"δέομαι οὖν ὑμῶν μήτε πιστεύειν πω μήτ’ ἀπιστεῖν τοῖς εἰρημένοις, πρὶν ἂν διὰ τέλους ἀκούσητε καὶ τὰ παρ’ ἡμῶν, ἐνθυμουμένους ὅτι οὐδὲν ἂν ἔδει δίδοσθαι τοῖς φεύγουσιν ἀπολογίαν, εἴπερ οἷόν τ’ ἦν ἐκ τῶν τοῦ διώκοντος λόγων ἐψηφίσθαι τὰ δίκαια.",δέομαι,δέομαι,TRUE,FALSE,πιστεύειν πω μήτ’ ἀπιστεῖν,πιστεύειν πω μήτ’ ἀπιστεῖν,NA,NA,NA,FALSE,ὑμῶν,ὑμῶν,NA,NA,ἐνθυμουμένους,ἐνθυμουμένους,P,NA,NA,NA,NA,NA,NA,NA,NA,NA,FALSE,NA,FALSE,NA,17,juridical,attic,Isocrates,FALSE,P,Recipient
5659,Isocrates (0010),Trapeziticus (005),17.1,"ἐπειδὴ τοίνυν ἐκ τῶν συνόδων, ὦ ἄνδρες δικασταί, πάντες αὐτοῦ κατεγίγνωσκον ἀδικεῖν καὶ δεινὰ ποιεῖν, ὅστις τὸν παῖδα, ὃ ἔφασκον ἐγὼ συνειδέναι περὶ τῶν χρημάτων, πρῶτον μὲν αὐτὸς ἀφανίσας ὑφ’ ἡμῶν αὐτὸν ᾐτιᾶτ’ ἠφανίσθαι, ἔπειτα δὲ συλληφθέντα ὡς ἐλεύθερον ὄντα διεκώλυσε βασανίζεσθαι, μετὰ δὲ ταῦθ’ ὡς δοῦλον ἐκδοὺς καὶ βασανιστὰς ἑλόμενος λόγῳ μὲν ἐκέλευσε βασανίζειν, ἔργῳ δ’ οὐκ εἴα, διὰ ταῦθ’ ἡγούμενος οὐδεμίαν αὑτῷ σωτηρίαν εἶναι, ἐάνπερ εἰς ὑμᾶς εἰσέλθῃ, προσπέμπων ἐδεῖτό μου εἰς ἱερὸν ἐλθόνθ’ ἑαυτῷ συγγενέσθαι.",ἐδεῖτό,δέομαι,TRUE,FALSE,συγγενέσθαι,συγγενέσθαι,NA,NA,NA,FALSE,μου,μου,NA,NA,ἐλθόνθ’,ἐλθόνθ’,P,NA,NA,NA,NA,NA,NA,NA,NA,NA,FALSE,NA,FALSE,Comentar elisão,3,juridical,attic,Isocrates,FALSE,P,Recipient
5664,Isocrates (0010),Trapeziticus (005),56.1,"ἐγὼ οὖν ὑμῶν δέομαι μεμνημένους τούτων καταψηφίσασθαι Πασίωνος, καὶ μὴ τοσαύτην πονηρίαν ἐμοῦ καταγνῶναι, ὡς οἰκῶν ἐν τῷ Πόντῳ καὶ τοσαύτην οὐσίαν κεκτημένος ὥστε καὶ ἑτέρους εὖ ποιεῖν δύνασθαι, Πασίων ἦλθον συκοφαντήσων καὶ ψευδεῖς αὐτῷ παρακαταθήκας ἐγκαλῶν.",δέομαι,δέομαι,TRUE,FALSE,καταψηφίσασθαι,καταψηφίσασθαι,NA,NA,NA,FALSE,ὑμῶν,ὑμῶν,NA,NA,μεμνημένους,μεμνημένους,P,NA,NA,NA,NA,NA,NA,NA,NA,NA,FALSE,NA,FALSE,NA,2,juridical,attic,Isocrates,FALSE,P,Recipient
5940,Isocrates (0010),Areopagiticus (018),72.1,"ἐγὼ δὲ καὶ τῶν ἰδιωτῶν τοὺς ὀλίγα μὲν κατορθοῦντας πολλὰ δ’ ἐξαμαρτάνοντας μέμφομαι καὶ νομίζω φαυλοτέρους εἶναι τοῦ δέοντος, καὶ πρός γε τούτοις τοὺς γεγονότας ἐκ καλῶν κἀγαθῶν ἀνδρῶν, καὶ μικρῷ μὲν ὄντας ἐπιεικεστέρους τῶν ὑπερβαλλόντων ταῖς πονηρίαις, πολὺ δὲ χείρους τῶν πατέρων, λοιδορῶ, καὶ συμβουλεύσαιμ’ ἂν αὐτοῖς παύσασθαι τοιούτοις οὖσιν.",συμβουλεύσαιμ’,συμβουλεύω,TRUE,FALSE,παύσασθαι,παύσασθαι,NA,NA,NA,FALSE,αὐτοῖς,αὐτοῖς,NA,NA,τοιούτοις οὖσιν,τοιούτοις οὖσιν,P,NA,NA,NA,NA,NA,NA,NA,NA,NA,TRUE,NA,TRUE,Complemento de pauomai,2,juridical,attic,Isocrates,FALSE,P,Recipient
5963,Isocrates (0010),On the Peace (017),145.1,"πολλῶν δὲ καὶ καλῶν λόγων ἐνόντων περὶ τὴν ὑπόθεσιν ταύτην, ἐμοὶ μὲν ἀμφότερα συμβουλεύει παύσασθαι λέγοντι, καὶ τὸ μῆκος τοῦ λόγου καὶ τὸ πλῆθος τῶν ἐτῶν τῶν ἐμῶν·",συμβουλεύει,συμβουλεύω,TRUE,FALSE,παύσασθαι,παύσασθαι,NA,NA,NA,FALSE,ἐμοὶ,ἐμοὶ,NA,NA,λέγοντι,λέγοντι,P,NA,NA,NA,NA,NA,NA,NA,NA,NA,TRUE,NA,FALSE,Comparar com Isoc. Aeropagiticus 72,5,juridical,attic,Isocrates,λέγοντι παύσασθαι,P,Recipient
5966,Isocrates (0010),Panathenaicus (021),24.1,"ἀλλὰ μὴν οὐδ’ ἐκεῖνο ποιεῖν οὐδεὶς ἄν μοι συμβουλεύσειεν, ἀμελήσαντι τούτων καὶ μεταξὺ καταβαλόντι περαίνειν τὸν λόγον, ὃν προῄρημαι βουλόμενος ἐπιδεῖξαι τὴν πόλιν ἡμῶν πλειόνων ἀγαθῶν αἰτίαν γεγενημένην τοῖς Ἕλλησιν ἢ τὴν Λακεδαιμονίων·",συμβουλεύσειεν,συμβουλεύω,TRUE,FALSE,περαίνειν,περαίνειν,NA,NA,NA,FALSE,μοι,μοι,NA,NA,"ἀμελήσαντι, καταβαλόντι",ἀμελήσαντι,P,καταβαλόντι,P,NA,NA,NA,NA,NA,NA,NA,TRUE,TRUE,FALSE,coordenados!,2,juridical,attic,Isocrates,FALSE,P,Recipient
5970,Isocrates (0010),Panathenaicus (021),170.1,"ὧν ἀκούσας οὐδένα χρόνον ἐπισχὼν ὁ δῆμος ἔπεμψε πρεσβείαν εἰς Θήβας, περί τε τῆς ἀναιρέσεως συμβουλεύσοντας αὐτοῖς ὁσιώτερον βουλεύσασθαι καὶ τὴν ἀπόκρισιν νομιμωτέραν ποιήσασθαι τῆς πρότερον γενομένης, κἀκεῖνο ὑποδείξοντας, ὡς ἡ πόλις αὐτοῖς οὐκ ἐπιτρέψει παραβαίνουσι τὸν νόμον τὸν κοινὸν ἁπάντων τῶν Ἑλλήνων.",συμβουλεύσοντας,συμβουλεύω,TRUE,FALSE,ποιήσασθαι,ποιήσασθαι,NA,NA,NA,FALSE,αὐτοῖς,αὐτοῖς,NA,NA,ὑποδείξοντας,ὑποδείξοντας,P,NA,NA,NA,NA,NA,NA,NA,NA,NA,FALSE,NA,FALSE,Comentar posição!,12,juridical,attic,Isocrates,FALSE,P,Recipient
5971,Isocrates (0010),Panathenaicus (021),262.5,"συμβουλεύω γάρ σοι μήτε κατακάειν τὸν λόγον μήτ’ ἀφανίζειν, ἀλλ’ εἴ τινος ἐνδεής ἐστι, διορθώσαντα καὶ προσγράψαντα πάσας τὰς διατριβὰς τὰς περὶ αὐτὸν γεγενημένας διδόναι τοῖς βουλομένοις λαμβάνειν, εἴπερ βούλει χαρίσασθαι μὲν τοῖς ἐπιεικεστάτοις τῶν Ἑλλήνων καὶ τοῖς ὡς ἀληθῶς φιλοσοφοῦσιν ἀλλὰ μὴ προσποιουμένοις, λυπῆσαι δὲ τοὺς θαυμάζοντας μὲν τὰ σὰ μᾶλλον τῶν ἄλλων, λοιδορουμένους δὲ τοῖς λόγοις τοῖς σοῖς ἐν τοῖς ὄχλοις τοῖς πανηγυρικοῖς, ἐν οἷς πλείους εἰσὶν οἱ καθεύδοντες τῶν ἀκροωμένων, καὶ προσδοκῶντας, ἢν παρακρούσωνται τοὺς τοιούτους, ἐναμίλλους τοὺς αὑτῶν γενήσεσθαι τοῖς ὑπὸ σοῦ γεγραμμένοις, κακῶς εἰδότας ὅτι πλέον ἀπολελειμμένοι τῶν σῶν εἰσιν ἢ τῆς Ὁμήρου δόξης οἱ περὶ τὴν αὐτὴν ἐκείνῳ ποίησιν γεγονότες. ʺ",συμβουλεύω,συμβουλεύω,TRUE,FALSE,διδόναι,διδόναι,NA,NA,NA,FALSE,σοι,σοι,NA,NA,διορθώσαντα καὶ προσγράψαντα,διορθώσαντα,P,προσγράψαντα,P,NA,NA,NA,NA,NA,NA,NA,FALSE,NA,FALSE,Comentar coordenação!,12,juridical,attic,Isocrates,FALSE,P,Recipient
5992,Isocrates (0010),Plataicus (012),6.1,"δεόμεθ’ οὖν ὑμῶν, ὦ ἄνδρες Ἀθηναῖοι, μετ’ εὐνοίας ἀκροάσασθαι τῶν λεγομένων, ἐνθυμηθέντας ὅτι πάντων ἂν ἡμῖν ἀλογώτατον εἴη συμβεβηκός, εἰ τοῖς μὲν ἅπαντα τὸν χρόνον δυσμενῶς πρὸς τὴν πόλιν ὑμῶν διακειμένοις αἴτιοι γεγένησθε τῆς ἐλευθερίας, ἡμεῖς δὲ μηδ’ ἱκετεύοντες ὑμᾶς τῶν αὐτῶν τοῖς ἐχθίστοις τύχοιμεν.",δεόμεθ’,δέομαι,TRUE,FALSE,ἀκροάσασθαι,ἀκροάσασθαι,NA,NA,NA,FALSE,ὑμῶν,ὑμῶν,NA,NA,ἐνθυμηθέντας,ἐνθυμηθέντας,P,NA,NA,NA,NA,NA,NA,NA,NA,NA,FALSE,NA,FALSE,gen.pl entre obj e pred,9,juridical,attic,Isocrates,FALSE,P,Recipient
6000,Lycurgus (0034),Against Leocrates (001),84,"ἐπὶ Κόδρου γὰρ βασιλεύοντος Πελοποννησίοις γενομένης ἀφορίας κατὰ τὴν χώραν αὐτῶν ἔδοξε στρατεύειν ἐπὶ τὴν πόλιν ἡμῶν, καὶ ἡμῶν τοὺς προγόνους ἐξαναστήσαντας κατανείμασθαι τὴν χώραν.",ἔδοξε,δοκέω,FALSE,FALSE,στρατεύειν,στρατεύειν,NA,NA,NA,FALSE,Πελοποννησίοις,Πελοποννησίοις,NA,NA,ἐξαναστήσαντας,ἐξαναστήσαντας,P,NA,NA,NA,NA,NA,NA,NA,NA,NA,FALSE,NA,FALSE,NA,17,juridical,attic,Lycurgus,FALSE,P,Experiencer
6001,Lycurgus (0034),Against Leocrates (001),123.1,ἆρά γ’ ὑμῖν δοκεῖ βουλομένοις μιμεῖσθαι τοὺς προγόνους πάτριον εἶναι Λεωκράτην μὴ οὐκ ἀποκτεῖναι;,δοκεῖ,δοκέω,FALSE,FALSE,ἀποκτεῖναι,ἀποκτεῖναι,NA,NA,NA,FALSE,ὑμῖν,ὑμῖν,NA,NA,βουλομένοις,βουλομένοις,P,βουλομένοις,P,NA,NA,NA,NA,NA,NA,NA,TRUE,NA,TRUE,CHECAR,2,juridical,attic,Lycurgus,FALSE,P,Experiencer
6002,Lycurgus (0034),Against Leocrates (001),125.1,"ἐψηφίσαντο γὰρ καὶ ὤμοσαν, ἐάν τις τυραννίδι ἐπιτιθῆται ἢ τὴν πόλιν προδιδῷ ἢ τὸν δῆμον καταλύῃ, τὸν αἰσθανόμενον καθαρὸν εἶναι ἀποκτείναντα, καὶ κρεῖττον ἔδοξεν αὐτοῖς τοὺς τὴν αἰτίαν ἔχοντας τεθνάναι μᾶλλον ἢ πειραθέντας μετὰ ἀληθείας αὐτοὺς δουλεύειν·",ἔδοξεν,δοκέω,FALSE,FALSE,δουλεύειν,δουλεύειν,NA,NA,NA,FALSE,αὐτοῖς,αὐτοῖς,NA,NA,πειραθέντας,πειραθέντας,P,NA,NA,NA,NA,NA,NA,NA,NA,NA,FALSE,NA,FALSE,"comentar o contraste entre ""eles"" e ""nós""",8,juridical,attic,Lycurgus,FALSE,P,Experiencer
6055,Lysias (0540),Against Eratosthenes (012),t.3,"οὐκ ἄρξασθαί μοι δοκεῖ ἄπορον εἶναι, ὦ ἄνδρες δικασταί, τῆς κατηγορίας, ἀλλὰ παύσασθαι λέγοντι·",δοκεῖ,δοκέω,FALSE,FALSE,παύσασθαι,παύσασθαι,NA,NA,NA,FALSE,μοι,μοι,NA,NA,λέγοντι,λέγοντι,P,NA,NA,NA,NA,NA,NA,NA,NA,NA,TRUE,NA,FALSE,Comentar pauomai,11,juridical,attic,Lysias,FALSE,P,Experiencer
6068,Lysias (0540),Against Pancleon (023),10.1,"τῇ δ’ ὑστεραίᾳ τῆς τε ἀντιγραφῆς ἕνεκα ταυτησὶ καὶ αὐτῆς τῆς δίκης ἔδοξέ μοι χρῆναι μάρτυρας λαβόντι παραγενέσθαι, ἵν’ εἰδείην τόν τ’ ἐξαιρησόμενον αὐτὸν καὶ ὅ τι λέγων ἀφαιρήσοιτο.",ἔδοξέ,δοκέω,FALSE,FALSE,χρῆναι,χρῆναι,NA,NA,NA,FALSE,μοι,μοι,NA,NA,λαβόντι,λαβόντι,P,NA,NA,NA,NA,NA,NA,NA,NA,NA,TRUE,NA,FALSE,comentar camada intermediária,3,juridical,attic,Lysias,FALSE,P,Experiencer
6112,Lysias (0540),On The Refusal Of A Pension (024),15.4,"ἐγὼ δ’ ὑμᾶς, ὦ βουλή, σαφῶς οἶμαι δεῖν διαγιγνώσκειν οἷς τ’ ἐγχωρεῖ τῶν ἀνθρώπων ὑβρισταῖς εἶναι καὶ οἷς οὐ προσήκει.",ἐγχωρεῖ,ἐγχωρέω,FALSE,TRUE,εἶναι,εἶναι,NA,NA,NA,TRUE,οἷς,οἷς,NA,NA,ὑβρισταῖς,ὑβρισταῖς,A,NA,NA,NA,NA,NA,NA,NA,NA,NA,TRUE,NA,FALSE,egxorei + proshkei,5,juridical,attic,Lysias,FALSE,A,Experiencer
6113,Lysias (0540),On The Refusal Of A Pension (024),18.1,"καὶ τοῖς μὲν ἰσχυροῖς ἐγχωρεῖ μηδὲν αὐτοῖς πάσχουσιν, οὓς ἂν βουληθῶσιν, ὑβρίζειν, τοῖς δὲ ἀσθενέσιν οὐκ ἔστιν οὔτε ὑβριζομένοις ἀμύνεσθαι τοὺς ὑπάρξαντας οὔτε ὑβρίζειν βουλομένοις περιγίγνεσθαι τῶν ἀδικουμένων.",ἐγχωρεῖ,ἐγχωρέω,FALSE,TRUE,ὑβρίζειν,ὑβρίζειν,NA,NA,NA,TRUE,τοῖς μὲν ἰσχυροῖς,τοῖς μὲν ἰσχυροῖς,NA,NA,αὐτοῖς πάσχουσιν,αὐτοῖς πάσχουσιν,P,NA,NA,NA,NA,NA,NA,NA,NA,NA,TRUE,NA,TRUE,Comentar paralelismos com as sentenças a seguir e a troca de verbo principal. Adicionar entrada para esti,3,juridical,attic,Lysias,FALSE,P,Experiencer
6115,Lysias (0540),Funeral Oration (002),6.1,"μόναις δ’ αὐταῖς οὐκ ἐξεγένετο ἐκ τῶν ἡμαρτημένων μαθούσαις περὶ τῶν λοιπῶν ἄμεινον βουλεύσασθαι, οὐδ’ οἴκαδε ἀπελθούσαις ἀπαγγεῖλαι τήν τε σφετέραν αὐτῶν δυστυχίαν καὶ τὴν τῶν ἡμετέρων προγόνων ἀρετήν·",ἐξεγένετο,ἐκγίγνομαι,FALSE,TRUE,"βουλεύσασθαι, ἀπαγγεῖλαι",βουλεύσασθαι,ἀπαγγεῖλαι,NA,NA,FALSE,μόναις δ’ αὐταῖς,μόναις δ’ αὐταῖς,NA,NA,"μαθούσαις, ἀπελθούσαις",μαθούσαις,P,ἀπελθούσαις,P,NA,NA,NA,NA,NA,NA,NA,TRUE,TRUE,TRUE,Comentar coordenação!,6,juridical,attic,Lysias,FALSE,P,Agent
6127,Lysias (0540),Against Diogeiton (032),23.1,"καίτοι εἰ ἐβούλετο δίκαιος εἶναι περὶ τοὺς παῖδας, ἐξῆν αὐτῷ κατὰ τοὺς νόμους, οἳ κεῖνται περὶ τῶν ὀρφανῶν καὶ τοῖς ἀδυνάτοις τῶν ἐπιτρόπων καὶ τοῖς δυναμένοις, μισθῶσαι τὸν οἶκον ἀπηλλαγμένον πολλῶν πραγμάτων, ἢ γῆν πριάμενον ἐκ τῶν προσιόντων τοὺς παῖδας τρέφειν·",ἐξῆν,ἔξεστι,FALSE,TRUE,μισθῶσαι,μισθῶσαι,NA,NA,NA,FALSE,αὐτῷ,αὐτῷ,NA,NA,"ἀπηλλαγμένον, πριάμενον",ἀπηλλαγμένον,P,πριάμενον,P,NA,NA,NA,NA,NA,NA,NA,FALSE,FALSE,FALSE,Comentar coordenação!,20,juridical,attic,Lysias,Ver edição,P,Agent
6132,Lysias (0540),Against Philon (031),16.1,"ἵνα οὖν μὴ ἐγγένηται αὐτῷ ψευσαμένῳ ἐξαπατῆσαι, καὶ περὶ τούτων ἤδη σαφῶς ὑμῖν ἀποδείξω, ἐπειδὴ ὕστερον οὐκ ἐξέσται μοι παρελθόντι ἐνθάδ’ ἐλέγχειν αὐτόν.",ἐξέσται,ἔξεστι,FALSE,TRUE,ἐλέγχειν,ἐλέγχειν,NA,NA,NA,FALSE,μοι,μοι,NA,NA,παρελθόντι,παρελθόντι,P,NA,NA,NA,NA,NA,NA,NA,NA,NA,TRUE,NA,FALSE,NA,1,juridical,attic,Lysias,FALSE,P,Agent
6135,Lysias (0540),For Polystratus (020),23.1,"καὶ ἐξὸν αὐτῷ τὴν οὐσίαν ἀφανῆ καταστήσαντι μηδὲν ὑμᾶς ὠφελεῖν, εἵλετο μᾶλλον συνειδέναι ὑμᾶς, ἵν’ εἰ καὶ βούλοιτο κακὸς εἶναι, μὴ ἐξείη αὐτῷ, ἀλλ’ εἰσφέροι τε τὰς εἰσφορὰς καὶ λῃτουργοίη.",ἐξὸν,ἔξεστι,FALSE,TRUE,ὠφελεῖν,ὠφελεῖν,NA,NA,NA,TRUE,αὐτῷ,αὐτῷ,NA,NA,καταστήσαντι,καταστήσαντι,P,NA,NA,NA,NA,NA,NA,NA,NA,NA,TRUE,NA,FALSE,NA,4,juridical,attic,Lysias,FALSE,P,Experiencer
6139,Lysias (0540),On the Murder of Eratosthenes (001),18.1,"σοὶ οὖν ἔφην ἔξεστι δυοῖν ὁπότερον βούλει ἑλέσθαι, ἢ μαστιγωθεῖσαν εἰς μύλωνα ἐμπεσεῖν καὶ μηδέποτε παύσασθαι κακοῖς τοιούτοις συνεχομένην, ἢ κατειποῦσαν ἅπαντα τἀληθῆ μηδὲν παθεῖν κακόν, ἀλλὰ συγγνώμης παρ’ ἐμοῦ τυχεῖν τῶν ἡμαρτημένων.",ἔξεστι,ἔξεστι,FALSE,TRUE,"ἐμπεσεῖν, παύσασθαι, παθεῖν",ἐμπεσεῖν,παύσασθαι,παθεῖν,NA,FALSE,σοὶ,σοὶ,NA,NA,"μαστιγωθεῖσαν, συνεχομένην, κατειποῦσαν",μαστιγωθεῖσαν,P,συνεχομένην,P,κατειποῦσαν,P,NA,NA,NA,NA,NA,FALSE,FALSE,FALSE,"Primeiros dois particípios coordenados entre si, comentar pauomai. Talvez elesqai crie uma camada intermediária que bloqueie a atração",9,juridical,attic,Lysias,NOMINATIVOS,P,Agent
6178,Lysias (0540),Funeral Oration (002),17.1,πολλὰ μὲν ὑπῆρχε τοῖς ἡμετέροις προγόνοις μιᾷ γνώμῃ χρωμένοις περὶ τοῦ δικαίου διαμάχεσθαι·,ὑπῆρχε,ὑπάρχω,FALSE,TRUE,διαμάχεσθαι,διαμάχεσθαι,NA,NA,NA,FALSE,τοῖς ἡμετέροις προγόνοις,τοῖς ἡμετέροις προγόνοις,NA,NA,χρωμένοις,χρωμένοις,P,NA,NA,NA,NA,NA,NA,NA,NA,NA,TRUE,NA,TRUE,parentética? Contrastar com outros casos em que o part tem interpretação condicional,3,juridical,attic,Lysias,χρωμένους,P,Agent
6183,Lysias (0540),Defense in the Matter of the Olive Stump (007),t.2,"πρότερον μέν, ὦ βουλή, ἐνόμιζον ἐξεῖναι τῷ βουλομένῳ, ἡσυχίαν ἄγοντι, μήτε δίκας ἔχειν μήτε πράγματα·",ἐξεῖναι,ἔξεστι,FALSE,TRUE,ἔχειν,ἔχειν,NA,NA,NA,FALSE,τῷ βουλομένῳ,τῷ βουλομένῳ,NA,NA,ἡσυχίαν ἄγοντι,ἡσυχίαν ἄγοντι,P,NA,NA,NA,NA,NA,NA,NA,NA,NA,TRUE,NA,FALSE,Comentar pontuação,1,juridical,attic,Lysias,FALSE,P,Agent
6223,Lysias (0540),Against Alcibiades 2 (015),t.1,"ἐγὼ μέν, ὦ ἄνδρες δικασταί, καὶ ὑμᾶς αἰτοῦμαι τὰ δίκαια ψηφίσασθαι, καὶ τῶν στρατηγῶν δέομαι, ἐπεὶ καὶ ἐν τῇ ἄλλῃ ἀρχῇ πολλοῦ ἄξιοι τῇ πόλει γεγόνασι, καὶ τῶν τῆς ἀστρατείας γραφῶν κοινοὺς εἶναι τῷ τε διώκοντι καὶ τῷ φεύγοντι, καὶ μὴ βοηθοῦντας ᾧ ἂν βούλωνται πᾶσαν προθυμίαν ἔχειν παρὰ τὸ δίκαιον ὑμᾶς ψηφίσασθαι, ἐνθυμουμένους ὅτι σφόδρ’ ἂν ἠγανακτεῖτε, εἰ ἐν τῇ ὑμετέρᾳ δοκιμασίᾳ οἱ θεσμοθέται ἀναβάντες ὑμῶν ἐδέοντο καταψηφίσασθαι, ἡγούμενοι δεινὸν εἶναι εἰ οἱ τιθέντες τὸν ἀγῶνα καὶ τὴν ψῆφον διδόντες παρακελεύσονται τῶν μὲν μὴ καταψηφίζεσθαι τῶν δὲ καταψηφίζεσθαι.",δέομαι,δέομαι,TRUE,FALSE,"εἶναι, ἔχειν",εἶναι,ἔχειν,NA,NA,TRUE,τῶν στρατηγῶν,τῶν στρατηγῶν,NA,NA,"κοινοὺς, βοηθοῦντας",κοινοὺς,A,βοηθοῦντας,P,NA,NA,NA,NA,NA,NA,NA,FALSE,FALSE,FALSE,Comentar duplo infinitivo coordenado,18,juridical,attic,Lysias,FALSE,A,Recipient
6237,Lysias (0540),Against Theomnestus 1 (010),21.1,"εἰ δὲ μή, δέομαι ὑμῶν, ὦ ἄνδρες δικασταί, τὰ δίκαια ψηφίσασθαι, ἐνθυμουμένους ὅτι πολὺ μεῖζον κακόν ἐστιν ἀκοῦσαί τινα τὸν πατέρα ἀπεκτονέναι ἢ τὴν ἀσπίδα ἀποβεβληκέναι.",δέομαι,δέομαι,TRUE,FALSE,ψηφίσασθαι,ψηφίσασθαι,NA,NA,NA,FALSE,ὑμῶν,ὑμῶν,NA,NA,ἐνθυμουμένους,ἐνθυμουμένους,P,NA,NA,NA,NA,NA,NA,NA,NA,NA,FALSE,NA,FALSE,NA,7,juridical,attic,Lysias,FALSE,P,Recipient
6238,Lysias (0540),Against Theomnestus 1 (010),31.2,"ἐγὼ δ’ ὑμῶν δέομαι καταψηφίσασθαι Θεομνήστου, ἐνθυμουμένους ὅτι οὐκ ἂν γένοιτο τούτου μείζων ἀγών μοι.",δέομαι,δέομαι,TRUE,FALSE,καταψηφίσασθαι,καταψηφίσασθαι,NA,NA,NA,FALSE,ὑμῶν,ὑμῶν,NA,NA,ἐνθυμουμένους,ἐνθυμουμένους,P,NA,NA,NA,NA,NA,NA,NA,NA,NA,FALSE,NA,FALSE,NA,4,juridical,attic,Lysias,FALSE,P,Recipient
6241,Lysias (0540),Defense Against A Charge Of Taking Bribes (021),19.1,"δέομαι οὖν ὑμῶν, ὦ ἄνδρες δικασταί, τὴν αὐτὴν νῦν περὶ ἐμοῦ γνώμην ἔχειν ἥνπερ καὶ ἐν τῷ τέως χρόνῳ, καὶ μὴ μόνον τῶν δημοσίων λῃτουργιῶν μεμνῆσθαι, ἀλλὰ τῶν ἰδίων ἐπιτηδευμάτων ἐνθυμεῖσθαι, ἡγουμένους ταύτην εἶναι λῃτουργίαν ἐπιπονωτάτην, διὰ τέλους τὸν πάντα χρόνον κόσμιον εἶναι καὶ σώφρονα καὶ μήθ’ ὑφ’ ἡδονῆς ἡττηθῆναι μήθ’ ὑπὸ κέρδους ἐπαρθῆναι, ἀλλὰ τοιοῦτον παρασχεῖν ἑαυτὸν ὥστε μηδένα τῶν πολιτῶν μήτε μέμψασθαι μήτε δίκην τολμῆσαι προσκαλέσασθαι.",δέομαι,δέομαι,TRUE,FALSE,ἐνθυμεῖσθαι,ἐνθυμεῖσθαι,NA,NA,NA,FALSE,ὑμῶν,ὑμῶν,NA,NA,ἡγουμένους,ἡγουμένους,P,NA,NA,NA,NA,NA,NA,NA,NA,NA,FALSE,NA,FALSE,NA,29,juridical,attic,Lysias,FALSE,P,Recipient
6244,Lysias (0540),Defense in the Matter of the Olive Stump (007),30.1,"ἐγὼ τοίνυν δέομαι ὑμῶν μὴ τοὺς τοιούτους λόγους πιστοτέρους ἡγήσασθαι τῶν ἔργων, μηδὲ περὶ ὧν αὐτοὶ σύνιστε, τοιαῦτ’ ἀνασχέσθαι τῶν ἐμῶν ἐχθρῶν λεγόντων, ἐνθυμουμένους καὶ ἐκ τῶν εἰρημένων καὶ ἐκ τῆς ἄλλης πολιτείας.",δέομαι,δέομαι,TRUE,FALSE,ἀνασχέσθαι,ἀνασχέσθαι,NA,NA,NA,FALSE,ὑμῶν,ὑμῶν,NA,NA,ἐνθυμουμένους,ἐνθυμουμένους,P,NA,NA,NA,NA,NA,NA,NA,NA,NA,FALSE,NA,FALSE,NA,20,juridical,attic,Lysias,FALSE,P,Recipient
6253,Lysias (0540),On the Property of Aristophanes (019),11.6,"δέομαι δ’ ὑμῶν πάσῃ τέχνῃ καὶ μηχανῇ μετ’ εὐνοίας ἀκροασαμένους ἡμῶν διὰ τέλους ὅ τι ἂν ὑμῖν ἄριστον καὶ εὐορκότατον νομίζητε εἶναι, τοῦτο ψηφίσασθαι.",δέομαι,δέομαι,TRUE,FALSE,ψηφίσασθαι,ψηφίσασθαι,NA,NA,NA,FALSE,ὑμῶν,ὑμῶν,NA,NA,ἀκροασαμένους,ἀκροασαμένους,P,NA,NA,NA,NA,NA,NA,NA,NA,NA,FALSE,NA,FALSE,Comentar proximidade com o objeto de akroasamenous,7,juridical,attic,Lysias,ἀκροασαμένων,P,Recipient
6257,Lysias (0540),On the Property of Aristophanes (019),64.1,"δέομαι οὖν ὑμῶν, ὦ ἄνδρες δικασταί, καὶ τούτων καὶ τῶν ἄλλων μεμνημένους ἁπάντων τῶν εἰρημένων βοηθεῖν ἡμῖν καὶ μὴ περιιδεῖν ὑπὸ τῶν ἐχθρῶν ἀναιρεθέντας.",δέομαι,δέομαι,TRUE,FALSE,βοηθεῖν,βοηθεῖν,NA,NA,NA,FALSE,ὑμῶν,ὑμῶν,NA,NA,μεμνημένους,μεμνημένους,P,NA,NA,NA,NA,NA,NA,NA,NA,NA,FALSE,NA,FALSE,NA,9,juridical,attic,Lysias,FALSE,P,Recipient
6342,Lysias (0540),Against Agoratus (013),94.3,"καὶ οὕτως ἂν δεινότατα πάντων πάθοιεν, εἰ οἷς ἐπέσκηπτον ἐκεῖνοι ὡς φίλοις οὖσι τιμωρεῖν ὑπὲρ αὑτῶν, οὗτοι ὁμόψηφοι κατ’ ἐκείνων τῶν ἀνδρῶν τοῖς τριάκοντα γενήσονται.",ἐπέσκηπτον,ἐπισκήπτω,TRUE,FALSE,τιμωρεῖν,τιμωρεῖν,NA,NA,NA,FALSE,οἷς,οἷς,NA,NA,φίλοις οὖσι,φίλοις οὖσι,P,NA,NA,NA,NA,NA,NA,NA,NA,NA,TRUE,NA,TRUE,Cópula no particípio do pred.,4,juridical,attic,Lysias,FALSE,P,Recipient
6415,Lysias (0540),Against The Corn-Dealers (022),8.3,"καὶ οἱ μὲν δύο οὐδὲν ἔφασαν εἰδέναι τοῦ πράγματος, Ἄνυτος δ’ ἔλεγεν ὡς τοῦ προτέρου χειμῶνος, ἐπειδὴ τίμιος ἦν ὁ σῖτος, τούτων ὑπερβαλλόντων ἀλλήλους καὶ πρὸς σφᾶς αὐτοὺς μαχομένων συμβουλεύσειεν αὐτοῖς παύσασθαι φιλονικοῦσιν, ἡγούμενος συμφέρειν ὑμῖν τοῖς παρὰ τούτων ὠνουμένοις ὡς ἀξιώτατον τούτους πρίασθαι·",συμβουλεύσειεν,συμβουλεύω,TRUE,FALSE,παύσασθαι,παύσασθαι,NA,NA,NA,FALSE,αὐτοῖς,αὐτοῖς,NA,NA,φιλονικοῦσιν,φιλονικοῦσιν,P,NA,NA,NA,NA,NA,NA,NA,NA,NA,TRUE,NA,FALSE,Comentar pauomai,2,juridical,attic,Lysias,FALSE,P,Recipient
6756,Plato (0059),Laches (019),181.d.3,δικαιότατον μέντοι μοι δοκεῖ εἶναι ἐμὲ νεώτερον ὄντα τῶνδε καὶ ἀπειρότερον τούτων ἀκούειν πρότερον τί λέγουσιν καὶ μανθάνειν παρ’ αὐτῶν·,δοκεῖ,δοκέω,FALSE,FALSE,εἶναι,εἶναι,NA,NA,NA,TRUE,μοι,μοι,NA,NA,"ἐμὲ νεώτερον ὄντα, ἀπειρότερον",ἐμὲ νεώτερον ὄντα,P,ἀπειρότερον,A,NA,NA,NA,NA,NA,NA,NA,FALSE,FALSE,FALSE,Comentar o reforço com pronome.,3,philosophical_dialogue,attic,Plato,FALSE,P,Experiencer
6795,Plato (0059),Laws (034),683.d.2,"τὸ δὲ δὴ μετὰ τοῦτο ἔδοξεν αὐτοῖς, ὥς γε λέγεται τὸ τοῦ μύθου, τριχῇ τὸ στράτευμα διανείμαντας, τρεῖς πόλεις κατοικίζειν, Ἄργος, Μεσσήνην, Λακεδαίμονα.",ἔδοξεν,δοκέω,FALSE,FALSE,κατοικίζειν,κατοικίζειν,NA,NA,NA,FALSE,αὐτοῖς,αὐτοῖς,NA,NA,διανείμαντας,διανείμαντας,P,NA,NA,NA,NA,NA,NA,NA,NA,NA,FALSE,NA,FALSE,NA,10,philosophical_dialogue,attic,Plato,FALSE,P,Experiencer
6868,Plato (0059),Lysis (020),213.e.3,"ἀλλὰ ταύτῃ μὲν μηκέτι ἴωμεν—καὶ γὰρ χαλεπή τίς μοι φαίνεται ὥσπερ ὁδὸς ἡ σκέψις—ᾗ δὲ ἐτράπημεν, δοκεῖ μοι χρῆναι ἰέναι, σκοποῦντα κατὰ τοὺς ποιητάς·",δοκεῖ,δοκέω,FALSE,FALSE,χρῆναι ἰέναι,χρῆναι ἰέναι,NA,NA,NA,FALSE,μοι,μοι,NA,NA,σκοποῦντα,σκοποῦντα,P,NA,NA,NA,NA,NA,NA,NA,NA,NA,FALSE,NA,FALSE,Comentar χρῆναι,3,philosophical_dialogue,attic,Plato,FALSE,P,Experiencer
6877,Plato (0059),Menexenus (028),239.c.3,"ὧν δὲ οὔτε ποιητής πω δόξαν ἀξίαν ἐπ’ ἀξίοις λαβὼν ἔχει ἔτι τέ ἐστιν ἐν ἀμνηστίᾳ, τούτων πέρι μοι δοκεῖ χρῆναι ἐπιμνησθῆναι ἐπαινοῦντά τε καὶ προμνώμενον ἄλλοις ἐς ᾠδάς τε καὶ τὴν ἄλλην ποίησιν αὐτὰ θεῖναι πρεπόντως τῶν πραξάντων.",δοκεῖ,δοκέω,FALSE,FALSE,"ἐπιμνησθῆναι, θεῖναι",ἐπιμνησθῆναι,θεῖναι,NA,NA,FALSE,μοι,μοι,NA,NA,"ἐπαινοῦντά, προμνώμενον",ἐπαινοῦντά,P,προμνώμενον,P,NA,NA,NA,NA,NA,NA,NA,FALSE,FALSE,FALSE,Comentar coordenação,4,philosophical_dialogue,attic,Plato,FALSE,P,Experiencer
6957,Plato (0059),Phaedo (004),86.d.7,"δοκεῖ μέντοι μοι χρῆναι πρὸ τῆς ἀποκρίσεως ἔτι πρότερον κέβητος ἀκοῦσαι τί αὖ ὅδε ἐγκαλεῖ τῷ λόγῳ, ἵνα χρόνου ἐγγενομένου βουλευσώμεθα τί ἐροῦμεν, ἔπειτα ἀκούσαντας ἢ συγχωρεῖν αὐτοῖς ἐάν τι δοκῶσι προσᾴδειν, ἐὰν δὲ μή, οὕτως ἤδη ὑπερδικεῖν τοῦ λόγου.",δοκεῖ,δοκέω,FALSE,FALSE,συγχωρεῖν,συγχωρεῖν,NA,NA,NA,FALSE,μοι,μοι,NA,NA,ἀκούσαντας,ἀκούσαντας,P,NA,NA,NA,NA,NA,NA,NA,NA,NA,FALSE,NA,FALSE,Comentar a repetição de akou- em akousai e akousantas. SG > PL,23,philosophical_dialogue,attic,Plato,FALSE,P,Experiencer
6971,Plato (0059),Phaedo (004),98.d.6,"καὶ αὖ περὶ τοῦ διαλέγεσθαι ὑμῖν ἑτέρας τοιαύτας αἰτίας λέγοι, φωνάς τε καὶ ἀέρας καὶ ἀκοὰς καὶ ἄλλα μυρία τοιαῦτα αἰτιώμενος, ἀμελήσας τὰς ὡς ἀληθῶς αἰτίας λέγειν, ὅτι, ἐπειδὴ ἔδοξε βέλτιον εἶναι ἐμοῦ καταψηφίσασθαι, διὰ ταῦτα δὴ καὶ ἐμοὶ βέλτιον αὖ δέδοκται ἐνθάδε καθῆσθαι, καὶ δικαιότερον παραμένοντα ὑπέχειν τὴν δίκην ἣν ἂν κελεύσωσιν·",δέδοκται,δοκέω,FALSE,FALSE,ὑπέχειν,ὑπέχειν,NA,NA,NA,FALSE,ἐμοὶ,ἐμοὶ,NA,NA,παραμένοντα,παραμένοντα,P,NA,NA,NA,NA,NA,NA,NA,NA,NA,FALSE,NA,FALSE,Comentar δικαιότερον,8,philosophical_dialogue,attic,Plato,FALSE,P,Experiencer
6973,Plato (0059),Phaedo (004),99.e.4,ἔδοξε δή μοι χρῆναι εἰς τοὺς λόγους καταφυγόντα ἐν ἐκείνοις σκοπεῖν τῶν ὄντων τὴν ἀλήθειαν.,ἔδοξε,δοκέω,FALSE,FALSE,χρῆναι σκοπεῖν,χρῆναι σκοπεῖν,NA,NA,NA,FALSE,μοι,μοι,NA,NA,καταφυγόντα,καταφυγόντα,P,NA,NA,NA,NA,NA,NA,NA,NA,NA,FALSE,NA,FALSE,Comentar χρῆναι,5,philosophical_dialogue,attic,Plato,FALSE,P,Experiencer
7087,Plato (0059),Republic (030),360.b.3,"εἰ οὖν δύο τοιούτω δακτυλίω γενοίσθην, καὶ τὸν μὲν ὁ δίκαιος περιθεῖτο, τὸν δὲ ὁ ἄδικος, οὐδεὶς ἂν γένοιτο, ὡς δόξειεν, οὕτως ἀδαμάντινος, ὃς ἂν μείνειεν ἐν τῇ δικαιοσύνῃ καὶ τολμήσειεν ἀπέχεσθαι τῶν ἀλλοτρίων καὶ μὴ ἅπτεσθαι, ἐξὸν αὐτῷ καὶ ἐκ τῆς ἀγορᾶς ἀδεῶς ὅτι βούλοιτο λαμβάνειν, καὶ εἰσιόντι εἰς τὰς οἰκίας συγγίγνεσθαι ὅτῳ βούλοιτο, καὶ ἀποκτεινύναι καὶ ἐκ δεσμῶν λύειν οὕστινας βούλοιτο, καὶ τἆλλα πράττειν ἐν τοῖς ἀνθρώποις ἰσόθεον ὄντα.",ἐξὸν,ἔξεστι,FALSE,TRUE,συγγίγνεσθαι,συγγίγνεσθαι,NA,NA,NA,FALSE,αὐτῷ,αὐτῷ,NA,NA,"εἰσιόντι, ἰσόθεον ὄντα",εἰσιόντι,P,ἰσόθεον ὄντα,P,NA,NA,NA,NA,NA,NA,NA,TRUE,FALSE,FALSE,Mestrado,10,philosophical_dialogue,attic,Plato,FALSE,P,Agent
7163,Plato (0059),Republic (030),578.c.9,δοκεῖ γάρ μοι δεῖν ἐννοῆσαι ἐκ τῶνδε περὶ αὐτοῦ σκοποῦντας.,δοκεῖ,δοκέω,FALSE,FALSE,ἐννοῆσαι,ἐννοῆσαι,NA,NA,NA,FALSE,μοι,μοι,NA,NA,σκοποῦντας,σκοποῦντας,P,NA,NA,NA,NA,NA,NA,NA,NA,NA,FALSE,NA,FALSE,SG > PL,7,philosophical_dialogue,attic,Plato,FALSE,P,Experiencer
7277,Plato (0059),Protagoras (022),344.d.5,"τῷ μὲν γὰρ ἐσθλῷ ἐγχωρεῖ κακῷ γενέσθαι, ὥσπερ καὶ παρ’ ἄλλου ποιητοῦ μαρτυρεῖται τοῦ εἰπόντος—αὐτὰρ ἀνὴρ ἀγαθὸς τοτὲ μὲν κακός, ἄλλοτε δ’ ἐσθλός·",ἐγχωρεῖ,ἐγχωρέω,FALSE,TRUE,γενέσθαι,γενέσθαι,NA,NA,NA,TRUE,τῷ μὲν γὰρ ἐσθλῷ,τῷ μὲν γὰρ ἐσθλῷ,NA,NA,κακῷ,κακῷ,A,NA,NA,NA,NA,NA,NA,NA,NA,NA,TRUE,NA,FALSE,MESTRADO,2,philosophical_dialogue,attic,Plato,FALSE,A,Experiencer
7279,Plato (0059),Republic (030),403.e.4,παντὶ γάρ που μᾶλλον ἐγχωρεῖ ἢ φύλακι μεθυσθέντι μὴ εἰδέναι ὅπου γῆς ἐστιν.,ἐγχωρεῖ,ἐγχωρέω,FALSE,TRUE,εἰδέναι,εἰδέναι,NA,NA,NA,FALSE,φύλακι,φύλακι,NA,NA,μεθυσθέντι,μεθυσθέντι,P,NA,NA,NA,NA,NA,NA,NA,NA,NA,TRUE,NA,FALSE,Repetição da ideia de estar alcoolizado,1,philosophical_dialogue,attic,Plato,FALSE,P,Agent
7280,Plato (0059),Republic (030),408.e.1,"οὐ γὰρ οἶμαι σώματι σῶμα θεραπεύουσιν—οὐ γὰρ ἂν αὐτὰ ἐνεχώρει κακὰ εἶναί ποτε καὶ γενέσθαι—ἀλλὰ ψυχῇ σῶμα, ᾗ οὐκ ἐγχωρεῖ κακὴν γενομένην τε καὶ οὖσαν εὖ τι θεραπεύειν.",ἐνεχώρει,ἐγχωρέω,FALSE,TRUE,θεραπεύειν,θεραπεύειν,NA,NA,NA,FALSE,ᾗ,ᾗ,NA,NA,κακὴν γενομένην τε καὶ οὖσαν,κακὴν γενομένην,P,οὖσαν,P,NA,NA,NA,NA,NA,NA,NA,FALSE,NA,FALSE,MESTRADO,3,philosophical_dialogue,attic,Plato,FALSE,P,Agent
7316,Plato (0059),Alcibiades 2 (014),141.a.5,"ἐγὼ μὲν γὰρ οἶμαί σε πρῶτον, εἴ σοι ἐμφανὴς γενόμενος ὁ θεὸς πρὸς ὃν τυγχάνεις πορευόμενος, ἐρωτήσειεν, πρὶν ὁτιοῦν εὔξασθαί σε, εἰ ἐξαρκέσει σοι τύραννον γενέσθαι τῆς Ἀθηναίων πόλεως·",ἐξαρκέσει,ἐξαρκέω,FALSE,TRUE,γενέσθαι,γενέσθαι,NA,NA,NA,TRUE,σοι,σοι,NA,NA,τύραννον,τύραννον,N,NA,NA,NA,NA,NA,NA,NA,NA,NA,FALSE,NA,FALSE,NA,1,philosophical_dialogue,attic,Plato,FALSE,N,Experiencer
7323,Plato (0059),Republic (030),341.e.1,"ὥσπερ, ἔφην ἐγώ, εἴ με ἔροιο εἰ ἐξαρκεῖ σώματι εἶναι σώματι ἢ προσδεῖταί τινος, εἴποιμ’ ἂν ὅτι παντάπασι μὲν οὖν προσδεῖται.",ἐξαρκεῖ,ἐξαρκέω,FALSE,TRUE,εἶναι,εἶναι,NA,NA,NA,TRUE,σώματι,σώματι,NA,NA,σώματι,σώματι,N,NA,NA,NA,NA,NA,NA,NA,NA,NA,TRUE,NA,FALSE,MESTRADO,2,philosophical_dialogue,attic,Plato,FALSE,N,Experiencer
7324,Plato (0059),Republic (030),341.e.4,"διὰ ταῦτα καὶ ἡ τέχνη ἐστὶν ἡ ἰατρικὴ νῦν ηὑρημένη, ὅτι σῶμά ἐστιν πονηρὸν καὶ οὐκ ἐξαρκεῖ αὐτῷ τοιούτῳ εἶναι.",ἐξαρκεῖ,ἐξαρκέω,FALSE,TRUE,εἶναι,εἶναι,NA,NA,NA,TRUE,αὐτῷ,αὐτῷ,NA,NA,τοιούτῳ,τοιούτῳ,A,NA,NA,NA,NA,NA,NA,NA,NA,NA,TRUE,NA,FALSE,PASSOU BATIDO,1,philosophical_dialogue,attic,Plato,FALSE,A,Experiencer
7328,Plato (0059),Symposium (011),192.b.3,ἀλλ’ ἐξαρκεῖ αὐτοῖς μετ’ ἀλλήλων καταζῆν ἀγάμοις.,ἐξαρκεῖ,ἐξαρκέω,FALSE,TRUE,καταζῆν,καταζῆν,NA,NA,NA,FALSE,αὐτοῖς,αὐτοῖς,NA,NA,ἀγάμοις,ἀγάμοις,A,NA,NA,NA,NA,NA,NA,NA,NA,NA,TRUE,NA,FALSE,MESTRADO,4,philosophical_dialogue,attic,Plato,FALSE,A,Agent
7363,Plato (0059),Protagoras (022),350.e.3,"ταῦτα δὲ ἐμοῦ ὁμολογήσαντος ἐξείη ἄν σοι, χρωμένῳ τοῖς αὐτοῖς τεκμηρίοις τούτοις, λέγειν ὡς κατὰ τὴν ἐμὴν ὁμολογίαν ἡ σοφία ἐστὶν ἰσχύς.",ἐξείη,ἔξεστι,FALSE,TRUE,λέγειν,λέγειν,NA,NA,NA,FALSE,σοι,σοι,NA,NA,χρωμένῳ,χρωμένῳ,P,NA,NA,NA,NA,NA,NA,NA,NA,NA,TRUE,NA,FALSE,NA,1,philosophical_dialogue,attic,Plato,FALSE,P,Agent
7367,Plato (0059),Republic (030),422.b.10,"οὐδ’ εἰ ἐξείη, ἦν δ’ ἐγώ, ὑποφεύγοντι τὸν πρότερον ἀεὶ προσφερόμενον ἀναστρέφοντα κρούειν, καὶ τοῦτο ποιοῖ πολλάκις ἐν ἡλίῳ τε καὶ πνίγει;",ἐξείη,ἔξεστι,FALSE,TRUE,κρούειν,κρούειν,NA,NA,NA,FALSE,ὑποφεύγοντι,ὑποφεύγοντι,NA,NA,ἀναστρέφοντα,ἀναστρέφοντα,P,NA,NA,NA,NA,NA,NA,NA,NA,NA,FALSE,NA,FALSE,Comentar: estaria faltando o obj?,5,philosophical_dialogue,attic,Plato,FALSE,P,Agent
7385,Plato (0059),Laws (034),906.a.7,"ψυχαὶ δέ τινες ἐπὶ γῆς οἰκοῦσαι καὶ ἄδικον λῆμμα κεκτημέναι δῆλον ὅτι θηριώδεις, πρὸς τὰς τῶν φυλάκων ψυχὰς ἄρα κυνῶν ἢ τὰς τῶν νομέων ἢ πρὸς τὰς τῶν παντάπασιν ἀκροτάτων δεσποτῶν προσπίπτουσαι, πείθουσιν θωπείαις λόγων καὶ ἐν εὐκταίαις τισὶν ἐπῳδαῖς, ὡς αἱ φῆμαί φασιν αἱ τῶν κακῶν, ἐξεῖναι πλεονεκτοῦσιν σφίσιν ἐν ἀνθρώποις πάσχειν μηδὲν χαλεπόν·",ἐξεῖναι,ἔξεστι,FALSE,TRUE,πάσχειν,πάσχειν,NA,NA,NA,FALSE,σφίσιν,σφίσιν,NA,NA,πλεονεκτοῦσιν,πλεονεκτοῦσιν,P,NA,NA,NA,NA,NA,NA,NA,NA,NA,TRUE,NA,TRUE,Comentar possibilidade de ser externo,-1,philosophical_dialogue,attic,Plato,FALSE,P,Agent
7581,Plato (0059),Ion (027),540.c.4,"οἷον βουκόλῳ λέγεις δούλῳ ἃ πρέπει εἰπεῖν ἀγριαινουσῶν βοῶν παραμυθουμένῳ, ὁ ῥαψῳδὸς γνώσεται ἀλλ’ οὐχ ὁ βουκόλος;",πρέπει,πρέπω,FALSE,TRUE,εἰπεῖν,εἰπεῖν,NA,NA,NA,TRUE,βουκόλῳ... δούλῳ,βουκόλῳ... δούλῳ,NA,NA,παραμυθουμένῳ,παραμυθουμένῳ,P,NA,NA,NA,NA,NA,NA,NA,NA,NA,TRUE,NA,TRUE,Comentar a extração do obj. e as repetições da passagem em volta.,6,philosophical_dialogue,attic,Plato,FALSE,P,Experiencer
7582,Plato (0059),Ion (027),540.d.1,ἀλλ’ οἷα ἀνδρὶ πρέπει εἰπεῖν γνώσεται στρατηγῷ στρατιώταις παραινοῦντι;,πρέπει,πρέπω,FALSE,TRUE,εἰπεῖν,εἰπεῖν,NA,NA,NA,FALSE,ἀνδρὶ,ἀνδρὶ,NA,NA,στρατηγῷ στρατιώταις παραινοῦντι,στρατηγῷ,N,παραινοῦντι,P,NA,NA,NA,NA,NA,NA,NA,TRUE,NA,TRUE,Comentar possibilidade de ser externo,4,philosophical_dialogue,attic,Plato,FALSE,N,Agent
7590,Plato (0059),Phaedo (004),92.c.4,"καὶ μήν, ἦ δ’ ὅς, πρέπει γε εἴπερ τῳ ἄλλῳ λόγῳ συνῳδῷ εἶναι καὶ τῷ περὶ ἁρμονίας.",πρέπει,πρέπω,FALSE,TRUE,εἶναι,εἶναι,NA,NA,NA,TRUE,τῳ ἄλλῳ λόγῳ,τῳ ἄλλῳ λόγῳ,NA,NA,συνῳδῷ,συνῳδῷ,A,NA,NA,NA,NA,NA,NA,NA,NA,NA,TRUE,NA,TRUE,NA,1,philosophical_dialogue,attic,Plato,FALSE,A,Experiencer
7612,Plato (0059),Gorgias (023),525.b.1,"προσήκει δὲ παντὶ τῷ ἐν τιμωρίᾳ ὄντι, ὑπ’ ἄλλου ὀρθῶς τιμωρουμένῳ, ἢ βελτίονι γίγνεσθαι καὶ ὀνίνασθαι ἢ παραδείγματι τοῖς ἄλλοις γίγνεσθαι, ἵνα ἄλλοι ὁρῶντες πάσχοντα ἃ ἂν πάσχῃ φοβούμενοι βελτίους γίγνωνται.",προσήκει,προσήκω,FALSE,TRUE,"γίγνεσθαι, γίγνεσθαι",γίγνεσθαι,γίγνεσθαι,NA,NA,TRUE,παντὶ τῷ ἐν τιμωρίᾳ ὄντι,παντὶ τῷ ἐν τιμωρίᾳ ὄντι,NA,NA,"βελτίονι, παραδείγματι",βελτίονι,A,παραδείγματι,S,NA,NA,NA,NA,NA,NA,NA,TRUE,TRUE,FALSE,NA,4,philosophical_dialogue,attic,Plato,FALSE,A,Experiencer
7618,Plato (0059),Laches (019),199.d.7,"καὶ τοῦτον οἴει ἂν σὺ ἐνδεᾶ εἶναι σωφροσύνης ἢ δικαιοσύνης τε καὶ ὁσιότητος, ᾧ γε μόνῳ προσήκει καὶ περὶ θεοὺς καὶ περὶ ἀνθρώπους ἐξευλαβεῖσθαί τε τὰ δεινὰ καὶ τὰ μή, καὶ τἀγαθὰ πορίζεσθαι, ἐπισταμένῳ ὀρθῶς προσομιλεῖν;",προσήκει,προσήκω,FALSE,TRUE,ἐξευλαβεῖσθαί,ἐξευλαβεῖσθαί,NA,NA,NA,FALSE,ᾧ γε μόνῳ,ᾧ γε μόνῳ,NA,NA,ἐπισταμένῳ,ἐπισταμένῳ,P,NA,NA,NA,NA,NA,NA,NA,NA,NA,TRUE,NA,TRUE,NA,18,philosophical_dialogue,attic,Plato,FALSE,P,Agent
7621,Plato (0059),Laws (034),672.b.7,"ἐγὼ δὲ τὰ μὲν τοιαῦτα τοῖς ἀσφαλὲς ἡγουμένοις εἶναι λέγειν περὶ θεῶν ἀφίημι λέγειν, τὸ δὲ τοσόνδε οἶδα, ὅτι πᾶν ζῷον, ὅσον αὐτῷ προσήκει νοῦν ἔχειν τελεωθέντι, τοῦτον καὶ τοσοῦτον οὐδὲν ἔχον ποτὲ φύεται·",προσήκει,προσήκω,FALSE,TRUE,ἔχειν,ἔχειν,NA,NA,NA,FALSE,αὐτῷ,αὐτῷ,NA,NA,τελεωθέντι,τελεωθέντι,P,NA,NA,NA,NA,NA,NA,NA,NA,NA,TRUE,NA,FALSE,Comentar valor circunstancial e possibilidade de ser externo,4,philosophical_dialogue,attic,Plato,FALSE,P,Agent
7623,Plato (0059),Laws (034),758.b.2,"πλῆθος δὲ οὐ δυνατὸν ὀξέως οὐδέποτε οὐδὲν τούτων πράττειν, ἀναγκαῖον δὲ τοὺς μὲν πολλοὺς τῶν βουλευτῶν ἐπὶ τὸν πλεῖστον τοῦ χρόνου ἐᾶν ἐπὶ τοῖς αὑτῶν ἰδίοισι μένοντας εὐθημονεῖσθαι τὰ κατὰ τὰς αὑτῶν οἰκήσεις, τὸ δὲ δωδέκατον μέρος αὐτῶν ἐπὶ δώδεκα μῆνας νείμαντας, ἓν ἐφ’ ἑνὶ παρέχειν αὐτοὺς φύλακας ἰόντι τέ τινί ποθεν ἄλλοθεν εἴτε καὶ ἐξ αὐτῆς τῆς πόλεως ἑτοίμως ἐπιτυχεῖν, ἄντε ἀγγέλλειν βούληταί τις ἐάντ’ αὖ πυνθάνεσθαί τι τῶν ὧν προσήκει πόλει πρὸς πόλεις ἄλλας ἀποκρίνεσθαί τε, καὶ ἐρωτήσασαν ἑτέρας, ἀποδέξασθαι τὰς ἀποκρίσεις, καὶ δὴ καὶ τῶν κατὰ πόλιν ἑκάστοτε νεωτερισμῶν ἕνεκα παντοδαπῶν εἰωθότων ἀεὶ γίγνεσθαι, ὅπως ἂν μάλιστα μὲν μὴ γίγνωνται, γενομένων δέ, ὅτι τάχιστα αἰσθομένης τῆς πόλεως ἰαθῇ τὸ γενόμενον·",προσήκει,προσήκω,FALSE,TRUE,ἀποδέξασθαι,ἀποδέξασθαι,NA,NA,NA,FALSE,πόλει,πόλει,NA,NA,ἐρωτήσασαν,ἐρωτήσασαν,P,NA,NA,NA,NA,NA,NA,NA,NA,NA,FALSE,NA,TRUE,Checar mais umas 20 vezes,7,philosophical_dialogue,attic,Plato,FALSE,P,Agent
7635,Plato (0059),Parmenides (009),139.c.4,"οὐ γὰρ ἑνὶ προσήκει ἑτέρῳ τινὸς εἶναι, ἀλλὰ μόνῳ ἑτέρῳ ἑτέρου, ἄλλῳ δὲ οὐδενί.",προσήκει,προσήκω,FALSE,TRUE,εἶναι,εἶναι,NA,NA,NA,TRUE,ἑνὶ,ἑνὶ,NA,NA,"ἑτέρῳ, οὐδενί",ἑτέρῳ,A,οὐδενί,A,NA,NA,NA,NA,NA,NA,NA,TRUE,TRUE,FALSE,CHECAR DETALHES,2,philosophical_dialogue,attic,Plato,FALSE,A,Experiencer
7641,Plato (0059),Phaedo (004),80.b.8,"τούτων οὕτως ἐχόντων ἆρ’ οὐχὶ σώματι μὲν ταχὺ διαλύεσθαι προσήκει, ψυχῇ δὲ αὖ τὸ παράπαν ἀδιαλύτῳ εἶναι ἢ ἐγγύς τι τούτου;",προσήκει,προσήκω,FALSE,TRUE,εἶναι,εἶναι,NA,NA,NA,TRUE,ψυχῇ,ψυχῇ,NA,NA,ἀδιαλύτῳ,ἀδιαλύτῳ,A,NA,NA,NA,NA,NA,NA,NA,NA,NA,TRUE,NA,FALSE,NA,5,philosophical_dialogue,attic,Plato,FALSE,A,Experiencer
7643,Plato (0059),Phaedo (004),88.a.1,"εἰ γάρ τις καὶ πλέον ἔτι τῷ λέγοντι ἢ ἃ σὺ λέγεις συγχωρήσειεν, δοὺς αὐτῷ μὴ μόνον ἐν τῷ πρὶν καὶ γενέσθαι ἡμᾶς χρόνῳ εἶναι ἡμῶν τὰς ψυχάς, ἀλλὰ μηδὲν κωλύειν καὶ ἐπειδὰν ἀποθάνωμεν ἐνίων ἔτι εἶναι καὶ ἔσεσθαι καὶ πολλάκις γενήσεσθαι καὶ ἀποθανεῖσθαι αὖθις—οὕτω γὰρ αὐτὸ φύσει ἰσχυρὸν εἶναι, ὥστε πολλάκις γιγνομένην ψυχὴν ἀντέχειν—δοὺς δὲ ταῦτα ἐκεῖνο μηκέτι συγχωροῖ, μὴ οὐ πονεῖν αὐτὴν ἐν ταῖς πολλαῖς γενέσεσιν καὶ τελευτῶσάν γε ἔν τινι τῶν θανάτων παντάπασιν ἀπόλλυσθαι, τοῦτον δὲ τὸν θάνατον καὶ ταύτην τὴν διάλυσιν τοῦ σώματος ἣ τῇ ψυχῇ φέρει ὄλεθρον μηδένα φαίη εἰδέναι—ἀδύνατον γὰρ εἶναι ὁτῳοῦν αἰσθέσθαι ἡμῶν—εἰ δὲ τοῦτο οὕτως ἔχει, οὐδενὶ προσήκει θάνατον θαρροῦντι μὴ οὐκ ἀνοήτως θαρρεῖν, ὃς ἂν μὴ ἔχῃ ἀποδεῖξαι ὅτι ἔστι ψυχὴ παντάπασιν ἀθάνατόν τε καὶ ἀνώλεθρον·",προσήκει,προσήκω,FALSE,TRUE,θαρρεῖν,θαρρεῖν,NA,NA,NA,FALSE,οὐδενὶ,οὐδενὶ,NA,NA,θαρροῦντι,θαρροῦντι,P,NA,NA,NA,NA,NA,NA,NA,NA,NA,TRUE,NA,TRUE,Repetição do qarr-. Comentar possibilidade de não carber no escopo,3,philosophical_dialogue,attic,Plato,FALSE,P,Agent
7646,Plato (0059),Phaedrus (012),233.a.4,καὶ μὲν δὴ βελτίονί σοι προσήκει γενέσθαι ἐμοὶ πειθομένῳ ἢ ἐραστῇ.,προσήκει,προσήκω,FALSE,TRUE,γενέσθαι,γενέσθαι,NA,NA,NA,TRUE,σοι,σοι,NA,NA,"βελτίονί, πειθομένῳ",βελτίονί,A,πειθομένῳ,P,NA,NA,NA,NA,NA,NA,NA,TRUE,TRUE,FALSE,MESTRADO,-1,philosophical_dialogue,attic,Plato,FALSE,A,Experiencer
7658,Plato (0059),Republic (030),441.e.4,"οὐκοῦν τῷ μὲν λογιστικῷ ἄρχειν προσήκει, σοφῷ ὄντι καὶ ἔχοντι τὴν ὑπὲρ ἁπάσης τῆς ψυχῆς προμήθειαν, τῷ δὲ θυμοειδεῖ ὑπηκόῳ εἶναι καὶ συμμάχῳ τούτου;",προσήκει,προσήκω,FALSE,TRUE,εἶναι,εἶναι,NA,NA,NA,TRUE,τῷ δὲ θυμοειδεῖ,τῷ δὲ θυμοειδεῖ,NA,NA,"ὑπηκόῳ,συμμάχῳ",ὑπηκόῳ,A,συμμάχῳ,A,NA,NA,NA,NA,NA,NA,NA,TRUE,TRUE,FALSE,Comentar a coordenação,3,philosophical_dialogue,attic,Plato,FALSE,A,Experiencer
7671,Plato (0059),Statesman (008),311.b.7,"τοῦτο δὴ τέλος ὑφάσματος εὐθυπλοκίᾳ συμπλακὲν γίγνεσθαι φῶμεν πολιτικῆς πράξεως τὸ τῶν ἀνδρείων καὶ σωφρόνων ἀνθρώπων ἦθος, ὁπόταν ὁμονοίᾳ καὶ φιλίᾳ κοινὸν συναγαγοῦσα αὐτῶν τὸν βίον ἡ βασιλικὴ τέχνη, πάντων μεγαλοπρεπέστατον ὑφασμάτων καὶ ἄριστον ἀποτελέσασα τούς τ’ ἄλλους ἐν ταῖς πόλεσι πάντας δούλους καὶ ἐλευθέρους ἀμπίσχουσα, συνέχῃ τούτῳ τῷ πλέγματι, καὶ καθ’ ὅσον εὐδαίμονι προσήκει γίγνεσθαι πόλει τούτου μηδαμῇ μηδὲν ἐλλείπουσα ἄρχῃ τε καὶ ἐπιστατῇ.",προσήκει,προσήκω,FALSE,TRUE,γίγνεσθαι,γίγνεσθαι,NA,NA,NA,TRUE,πόλει,πόλει,NA,NA,εὐδαίμονι,εὐδαίμονι,A,NA,NA,NA,NA,NA,NA,NA,NA,NA,TRUE,FALSE,FALSE,MESTRADO (311.c),-3,philosophical_dialogue,attic,Plato,FALSE,A,Experiencer
7678,Plato (0059),Timaeus (031),29.b.3,"τοῦ μὲν οὖν μονίμου καὶ βεβαίου καὶ μετὰ νοῦ καταφανοῦς μονίμους καὶ ἀμεταπτώτους—καθ’ ὅσον οἷόν τε καὶ ἀνελέγκτοις προσήκει λόγοις εἶναι καὶ ἀνικήτοις, τούτου δεῖ μηδὲν ἐλλείπειν—τοὺς δὲ τοῦ πρὸς μὲν ἐκεῖνο ἀπεικασθέντος, ὄντος δὲ εἰκόνος εἰκότας ἀνὰ λόγον τε ἐκείνων ὄντας·",προσήκει,προσήκω,FALSE,TRUE,εἶναι,εἶναι,NA,NA,NA,TRUE,λόγοις,λόγοις,NA,NA,"ἀνελέγκτοις, ἀνικήτοις",ἀνελέγκτοις,A,ἀνικήτοις,A,NA,NA,NA,NA,NA,NA,NA,TRUE,TRUE,FALSE,MESTRADO,-2,philosophical_dialogue,attic,Plato,FALSE,A,Experiencer
7691,Plato (0059),Charmides (018),173.b.4,"ἐκ δὴ τούτων οὕτως ἐχόντων ἄλλο ἂν ἡμῖν τι συμβαίνοι ἢ ὑγιέσιν τε τὰ σώματα εἶναι μᾶλλον ἢ νῦν, καὶ ἐν τῇ θαλάττῃ κινδυνεύοντας καὶ ἐν πολέμῳ σῴζεσθαι, καὶ τὰ σκεύη καὶ τὴν ἀμπεχόνην καὶ ὑπόδεσιν πᾶσαν καὶ τὰ χρήματα πάντα τεχνικῶς ἡμῖν εἰργασμένα εἶναι καὶ ἄλλα πολλὰ διὰ τὸ ἀληθινοῖς δημιουργοῖς χρῆσθαι;",συμβαίνοι,συμβαίνω,FALSE,TRUE,"εἶναι, σῴζεσθαι",εἶναι,σῴζεσθαι,NA,NA,TRUE,ἡμῖν,ἡμῖν,NA,NA,"ὑγιέσιν, κινδυνεύοντας",ὑγιέσιν,A,κινδυνεύοντας,P,NA,NA,NA,NA,NA,NA,NA,TRUE,FALSE,FALSE,Comentar: cópula apenas para o primeiro pred. Notar a variação na estrutura dos três infinitivos dependentes de sumbainoi,4,philosophical_dialogue,attic,Plato,FALSE,A,Experiencer
7718,Plato (0059),Laws (034),850.b.6,"ἐὰν δ’ ἐν τοῖς ἔτεσι τούτοις αὐτῷ συμβῇ λόγου ἀξίῳ πρὸς εὐεργεσίαν τῆς πόλεως γεγονέναι τινὰ ἱκανήν, καὶ πιστεύῃ πείσειν βουλὴν καὶ ἐκκλησίαν, ἤ τινα ἀναβολὴν τῆς ἐξοικήσεως ἀξιῶν αὑτῷ γίγνεσθαι κυρίως, ἢ καὶ τὸ παράπαν διὰ βίου τινὰ μονήν, ἐπελθὼν καὶ πείσας τὴν πόλιν, ἅπερ ἂν πείσῃ, ταῦτα αὐτῷ τέλεα γιγνέσθω.",συμβῇ,συμβαίνω,FALSE,TRUE,γεγονέναι,γεγονέναι,NA,NA,NA,TRUE,αὐτῷ,αὐτῷ,NA,NA,ἀξίῳ,ἀξίῳ,A,NA,NA,NA,NA,NA,NA,NA,NA,NA,TRUE,NA,TRUE,Checar detalhes,3,philosophical_dialogue,attic,Plato,FALSE,A,Experiencer
7732,Plato (0059),Phaedo (004),68.e.5,"καίτοι καλοῦσί γε ἀκολασίαν τὸ ὑπὸ τῶν ἡδονῶν ἄρχεσθαι, ἀλλ’ ὅμως συμβαίνει αὐτοῖς κρατουμένοις ὑφ’ ἡδονῶν κρατεῖν ἄλλων ἡδονῶν.",συμβαίνει,συμβαίνω,FALSE,TRUE,κρατεῖν,κρατεῖν,NA,NA,NA,FALSE,αὐτοῖς,αὐτοῖς,NA,NA,κρατουμένοις,κρατουμένοις,P,NA,NA,NA,NA,NA,NA,NA,NA,NA,TRUE,NA,TRUE,Comentar repetição de krat- no inf e part. Possivelmente fora do escopo,1,philosophical_dialogue,attic,Plato,FALSE,P,Agent
7790,Plato (0059),Republic (030),344.a.2,"τοῦτον οὖν σκόπει, εἴπερ βούλει κρίνειν ὅσῳ μᾶλλον συμφέρει ἰδίᾳ αὑτῷ ἄδικον εἶναι ἢ τὸ δίκαιον.",συμφέρει,συμφέρω,FALSE,TRUE,εἶναι,εἶναι,NA,NA,NA,FALSE,αὑτῷ,αὑτῷ,NA,NA,ἄδικον,ἄδικον,A,NA,NA,NA,NA,NA,NA,NA,NA,NA,FALSE,NA,TRUE,Discutir: segundo adj na forma de um substantivo neutro com artigo,1,philosophical_dialogue,attic,Plato,FALSE,A,Agent
7796,Plato (0059),Gorgias (023),485.d.3,"ὃ γὰρ νυνδὴ ἔλεγον, ὑπάρχει τούτῳ τῷ ἀνθρώπῳ, κἂν πάνυ εὐφυὴς ᾖ, ἀνάνδρῳ γενέσθαι φεύγοντι τὰ μέσα τῆς πόλεως καὶ τὰς ἀγοράς, ἐν αἷς ἔφη ὁ ποιητὴς τοὺς ἄνδρας ἀριπρεπεῖς γίγνεσθαι, καταδεδυκότι δὲ τὸν λοιπὸν βίον βιῶναι μετὰ μειρακίων ἐν γωνίᾳ τριῶν ἢ τεττάρων ψιθυρίζοντα, ἐλεύθερον δὲ καὶ μέγα καὶ ἱκανὸν μηδέποτε φθέγξασθαι.",ὑπάρχει,ὑπάρχω,FALSE,TRUE,"γενέσθαι, βιῶναι",γενέσθαι,βιῶναι,NA,NA,TRUE,τούτῳ τῷ ἀνθρώπῳ,τούτῳ τῷ ἀνθρώπῳ,NA,NA,"ἀνάνδρῳ, φεύγοντι, καταδεδυκότι, ψιθυρίζοντα",ἀνάνδρῳ,A,φεύγοντι,P,καταδεδυκότι,P,ψιθυρίζοντα,P,NA,NA,NA,TRUE,TRUE,FALSE,Comentar: cópula apenas para primeiros dois pred. Contrastar o terceiro pred com o quarto,5,philosophical_dialogue,attic,Plato,FALSE,A,Experiencer
7797,Plato (0059),Gorgias (023),492.b.1,"ἐπεὶ ὅσοις ἐξ ἀρχῆς ὑπῆρξεν ἢ βασιλέων ὑέσιν εἶναι ἢ αὐτοὺς τῇ φύσει ἱκανοὺς ἐκπορίσασθαι ἀρχήν τινα ἢ τυραννίδα ἢ δυναστείαν, τί ἂν τῇ ἀληθείᾳ αἴσχιον καὶ κάκιον εἴη σωφροσύνης καὶ δικαιοσύνης τούτοις τοῖς ἀνθρώποις, οἷς ἐξὸν ἀπολαύειν τῶν ἀγαθῶν καὶ μηδενὸς ἐμποδὼν ὄντος, αὐτοὶ ἑαυτοῖς δεσπότην ἐπαγάγοιντο τὸν τῶν πολλῶν ἀνθρώπων νόμον τε καὶ λόγον καὶ ψόγον;",ὑπῆρξεν,ὑπάρχω,FALSE,TRUE,εἶναι,εἶναι,NA,NA,NA,TRUE,ὅσοις,ὅσοις,NA,NA,"ὑέσιν, αὐτοὺς ... ἱκανοὺς",ὑέσιν,N,αὐτοὺς ... ἱκανοὺς,A,NA,NA,NA,NA,NA,NA,NA,TRUE,FALSE,FALSE,Comentar a presença de autous.,6,philosophical_dialogue,attic,Plato,FALSE,N,Experiencer
7798,Plato (0059),Hippias Major (025),292.c.9,"οὐχ οἷός τ’ εἶ μεμνῆσθαι ὅτι τὸ καλὸν αὐτὸ ἠρώτων, ὃ παντὶ ᾧ ἂν προσγένηται, ὑπάρχει ἐκείνῳ καλῷ εἶναι, καὶ λίθῳ καὶ ξύλῳ καὶ ἀνθρώπῳ καὶ θεῷ καὶ πάσῃ πράξει καὶ παντὶ μαθήματι;",ὑπάρχει,ὑπάρχω,FALSE,TRUE,εἶναι,εἶναι,NA,NA,NA,TRUE,ἐκείνῳ,ἐκείνῳ,NA,NA,καλῷ,καλῷ,A,NA,NA,NA,NA,NA,NA,NA,NA,NA,TRUE,NA,FALSE,"Comentar a expansão do pronome em ""καὶ λίθῳ καὶ ξύλῳ καὶ ἀνθρώπῳ καὶ θεῷ καὶ πάσῃ πράξει καὶ παντὶ μαθήματι""",1,philosophical_dialogue,attic,Plato,FALSE,A,Experiencer
7799,Plato (0059),Ion (027),542.b.3,"τοῦτο τοίνυν τὸ κάλλιον ὑπάρχει σοι παρ’ ἡμῖν, ὦ Ἴων, θεῖον εἶναι καὶ μὴ τεχνικὸν περὶ Ὁμήρου ἐπαινέτην.",ὑπάρχει,ὑπάρχω,FALSE,TRUE,εἶναι,εἶναι,NA,NA,NA,TRUE,σοι,σοι,NA,NA,ἐπαινέτην,ἐπαινέτην,N,NA,NA,NA,NA,NA,NA,NA,NA,NA,FALSE,NA,FALSE,Comentar estrutura com touto to kallion,12,philosophical_dialogue,attic,Plato,FALSE,N,Experiencer
7800,Plato (0059),Laches (019),186.b.5,"εἰ δὲ μηδὲν ἡμῖν τούτων ὑπάρχει, ἄλλους κελεύειν ζητεῖν καὶ μὴ ἐν ἑταίρων ἀνδρῶν ὑέσιν κινδυνεύειν διαφθείροντας τὴν μεγίστην αἰτίαν ἔχειν ὑπὸ τῶν οἰκειοτάτων.",ὑπάρχει,ὑπάρχω,FALSE,TRUE,κινδυνεύειν,κινδυνεύειν,NA,NA,NA,FALSE,ἡμῖν,ἡμῖν,NA,NA,διαφθείροντας,διαφθείροντας,P,NA,NA,NA,NA,NA,NA,NA,NA,NA,FALSE,NA,TRUE,Checar se essa interpretação da estrutura é correta ou se o infinitivo existe por outro motivo,13,philosophical_dialogue,attic,Plato,FALSE,P,Agent
7809,Plato (0059),Phaedo (004),81.a.4,"οὐκοῦν οὕτω μὲν ἔχουσα εἰς τὸ ὅμοιον αὐτῇ τὸ ἀιδὲς ἀπέρχεται, τὸ θεῖόν τε καὶ ἀθάνατον καὶ φρόνιμον, οἷ ἀφικομένῃ ὑπάρχει αὐτῇ εὐδαίμονι εἶναι, πλάνης καὶ ἀνοίας καὶ φόβων καὶ ἀγρίων ἐρώτων καὶ τῶν ἄλλων κακῶν τῶν ἀνθρωπείων ἀπηλλαγμένῃ, ὥσπερ δὲ λέγεται κατὰ τῶν μεμυημένων, ὡς ἀληθῶς τὸν λοιπὸν χρόνον μετὰ θεῶν διάγουσα;",ὑπάρχει,ὑπάρχω,FALSE,TRUE,εἶναι,εἶναι,NA,NA,NA,TRUE,αὐτῇ,αὐτῇ,NA,NA,"εὐδαίμονι,ἀπηλλαγμένῃ",εὐδαίμονι,A,ἀπηλλαγμένῃ,P,NA,NA,NA,NA,NA,NA,NA,TRUE,TRUE,TRUE,Comentar relação com o afikomenh|,1,philosophical_dialogue,attic,Plato,FALSE,A,Experiencer
7811,Plato (0059),Phaedrus (012),240.a.9,"ἔστι μὲν δὴ καὶ ἄλλα κακά, ἀλλά τις δαίμων ἔμειξε τοῖς πλείστοις ἐν τῷ παραυτίκα ἡδονήν, οἷον κόλακι, δεινῷ θηρίῳ καὶ βλάβῃ μεγάλῃ, ὅμως ἐπέμειξεν ἡ φύσις ἡδονήν τινα οὐκ ἄμουσον, καί τις ἑταίραν ὡς βλαβερὸν ψέξειεν ἄν, καὶ ἄλλα πολλὰ τῶν τοιουτοτρόπων θρεμμάτων τε καὶ ἐπιτηδευμάτων, οἷς τό γε καθ’ ἡμέραν ἡδίστοισιν εἶναι ὑπάρχει·",ὑπάρχει,ὑπάρχω,FALSE,TRUE,εἶναι,εἶναι,NA,NA,NA,TRUE,οἷς,οἷς,NA,NA,ἡδίστοισιν,ἡδίστοισιν,A,NA,NA,NA,NA,NA,NA,NA,NA,NA,TRUE,NA,FALSE,NA,5,philosophical_dialogue,attic,Plato,FALSE,A,Experiencer
7812,Plato (0059),Phaedrus (012),269.d.2,"εἰ μέν σοι ὑπάρχει φύσει ῥητορικῷ εἶναι, ἔσῃ ῥήτωρ ἐλλόγιμος, προσλαβὼν ἐπιστήμην τε καὶ μελέτην, ὅτου δ’ ἂν ἐλλείπῃς τούτων, ταύτῃ ἀτελὴς ἔσῃ.",ὑπάρχει,ὑπάρχω,FALSE,TRUE,εἶναι,εἶναι,NA,NA,NA,TRUE,σοι,σοι,NA,NA,ῥητορικῷ,ῥητορικῷ,N,NA,NA,NA,NA,NA,NA,NA,NA,NA,TRUE,NA,FALSE,Comentar fusei,3,philosophical_dialogue,attic,Plato,ῥητορικός,N,Experiencer
7814,Plato (0059),Protagoras (022),345.a.5,"δῆλον ὅτι ᾧ πρῶτον μὲν ὑπάρχει ἰατρῷ εἶναι, ἔπειτα ἀγαθῷ ἰατρῷ—οὗτος γὰρ ἂν καὶ κακὸς γένοιτο—ἡμεῖς δὲ οἱ ἰατρικῆς ἰδιῶται οὐκ ἄν ποτε γενοίμεθα κακῶς πράξαντες οὔτε ἰατροὶ οὔτε τέκτονες οὔτε ἄλλο οὐδὲν τῶν τοιούτων·",ὑπάρχει,ὑπάρχω,FALSE,TRUE,εἶναι,εἶναι,NA,NA,NA,TRUE,ᾧ,ᾧ,NA,NA,"ἰατρῷ, ἀγαθῷ ἰατρῷ",ἰατρῷ,N,ἀγαθῷ ἰατρῷ,S,NA,NA,NA,NA,NA,NA,NA,TRUE,TRUE,FALSE,Comentar reforço de iatrwi,4,philosophical_dialogue,attic,Plato,FALSE,N,Experiencer
7817,Plato (0059),Republic (030),464.d.9,"ὅθεν δὴ ὑπάρχει τούτοις ἀστασιάστοις εἶναι, ὅσα γε διὰ χρημάτων ἢ παίδων καὶ συγγενῶν κτῆσιν ἄνθρωποι στασιάζουσιν;",ὑπάρχει,ὑπάρχω,FALSE,TRUE,εἶναι,εἶναι,NA,NA,NA,TRUE,τούτοις,τούτοις,NA,NA,ἀστασιάστοις,ἀστασιάστοις,A,NA,NA,NA,NA,NA,NA,NA,NA,NA,TRUE,NA,FALSE,NA,1,philosophical_dialogue,attic,Plato,ἀστασίαστον,A,Experiencer
7819,Plato (0059),Republic (030),586.e.4,"τῷ φιλοσόφῳ ἄρα ἑπομένης ἁπάσης τῆς ψυχῆς καὶ μὴ στασιαζούσης ἑκάστῳ τῷ μέρει ὑπάρχει εἴς τε τἆλλα τὰ ἑαυτοῦ πράττειν καὶ δικαίῳ εἶναι, καὶ δὴ καὶ τὰς ἡδονὰς τὰς ἑαυτοῦ ἕκαστον καὶ τὰς βελτίστας καὶ εἰς τὸ δυνατὸν τὰς ἀληθεστάτας καρποῦσθαι.",ὑπάρχει,ὑπάρχω,FALSE,TRUE,εἶναι,εἶναι,NA,NA,NA,TRUE,ἑκάστῳ τῷ μέρει,ἑκάστῳ τῷ μέρει,NA,NA,δικαίῳ,δικαίῳ,A,NA,NA,NA,NA,NA,NA,NA,NA,NA,TRUE,NA,FALSE,NA,9,philosophical_dialogue,attic,Plato,FALSE,A,Experiencer
7823,Plato (0059),Symposium (011),212.a.5,"τεκόντι δὲ ἀρετὴν ἀληθῆ καὶ θρεψαμένῳ ὑπάρχει θεοφιλεῖ γενέσθαι, καὶ εἴπέρ τῳ ἄλλῳ ἀνθρώπων ἀθανάτῳ καὶ ἐκείνῳ;",ὑπάρχει,ὑπάρχω,FALSE,TRUE,γενέσθαι,γενέσθαι,NA,NA,NA,TRUE,τεκόντι δὲ ἀρετὴν ἀληθῆ καὶ θρεψαμένῳ,τεκόντι δὲ ἀρετὴν ἀληθῆ καὶ θρεψαμένῳ,NA,NA,θεοφιλεῖ,θεοφιλεῖ,A,NA,NA,NA,NA,NA,NA,NA,NA,NA,TRUE,NA,FALSE,Comentar a sequência com eiper.,2,philosophical_dialogue,attic,Plato,FALSE,A,Experiencer
8693,Plato (0059),Charmides (018),176.a.2,"εἰ γὰρ ἔχεις, μᾶλλον ἂν ἔγωγέ σοι συμβουλεύσαιμι ἐμὲ μὲν λῆρον ἡγεῖσθαι εἶναι καὶ ἀδύνατον λόγῳ ὁτιοῦν ζητεῖν, σεαυτὸν δέ, ὅσῳπερ σωφρονέστερος εἶ, τοσούτῳ εἶναι καὶ εὐδαιμονέστερον.",συμβουλεύσαιμι,συμβουλεύω,TRUE,FALSE,εἶναι,εἶναι,NA,NA,NA,FALSE,σοι,σοι,NA,NA,εὐδαιμονέστερον,εὐδαιμονέστερον,A,NA,NA,NA,NA,NA,NA,NA,NA,NA,FALSE,NA,FALSE,Comentar a expectativa de haver atração e a presença de vários itens no meio,20,philosophical_dialogue,attic,Plato,FALSE,A,Recipient
87051,Plato (0059),Epistles (036),332.c.6,"ἃ δὴ καὶ Διονυσίῳ συνεβουλεύομεν ἐγὼ καὶ Δίων, ἐπειδὴ τὰ παρὰ τοῦ πατρὸς αὐτῷ συνεβεβήκει οὕτως, ἀνομιλήτῳ μὲν παιδείας, ἀνομιλήτῳ δὲ συνουσιῶν τῶν προσηκουσῶν γεγονέναι, πρῶτον ἔπειτα ταύτῃ ὁρμήσαντα φίλους ἄλλους αὑτῷ τῶν οἰκείων ἅμα καὶ ἡλικιωτῶν καὶ συμφώνους πρὸς ἀρετὴν κτήσασθαι, μάλιστα δ’ αὐτὸν αὑτῷ, τούτου γὰρ αὐτὸν θαυμαστῶς ἐνδεᾶ γεγονέναι, λέγοντες οὐκ ἐναργῶς οὕτως—οὐ γὰρ ἦν ἀσφαλές—αἰνιττόμενοι δὲ καὶ διαμαχόμενοι τοῖς λόγοις ὡς οὕτω μὲν πᾶς ἀνὴρ αὑτόν τε καὶ ἐκείνους ὧν ἂν ἡγεμὼν γίγνηται σώσει, μὴ ταύτῃ δὲ τραπόμενος τἀναντία πάντα ἀποτελεῖ·",συνεβουλεύομεν,συμβουλεύω,TRUE,FALSE,κτήσασθαι,κτήσασθαι,NA,NA,NA,FALSE,Διονυσίῳ,Διονυσίῳ,NA,NA,ὁρμήσαντα,ὁρμήσαντα,P,NA,NA,NA,NA,NA,NA,NA,NA,NA,FALSE,NA,TRUE,NA,25,philosophical_dialogue,attic,Plato,FALSE,P,Recipient
8705,Plato (0059),Epistles (036),332.c.6,"ἃ δὴ καὶ Διονυσίῳ συνεβουλεύομεν ἐγὼ καὶ δίων, ἐπειδὴ τὰ παρὰ τοῦ πατρὸς αὐτῷ συνεβεβήκει οὕτως, ἀνομιλήτῳ μὲν παιδείας, ἀνομιλήτῳ δὲ συνουσιῶν τῶν προσηκουσῶν γεγονέναι, πρῶτον ἔπειτα ταύτῃ ὁρμήσαντα φίλους ἄλλους αὑτῷ τῶν οἰκείων ἅμα καὶ ἡλικιωτῶν καὶ συμφώνους πρὸς ἀρετὴν κτήσασθαι, μάλιστα δ’ αὐτὸν αὑτῷ, τούτου γὰρ αὐτὸν θαυμαστῶς ἐνδεᾶ γεγονέναι, λέγοντες οὐκ ἐναργῶς οὕτως—οὐ γὰρ ἦν ἀσφαλές—αἰνιττόμενοι δὲ καὶ διαμαχόμενοι τοῖς λόγοις ὡς οὕτω μὲν πᾶς ἀνὴρ αὑτόν τε καὶ ἐκείνους ὧν ἂν ἡγεμὼν γίγνηται σώσει, μὴ ταύτῃ δὲ τραπόμενος τἀναντία πάντα ἀποτελεῖ·",συνεβεβήκει,συμβαίνω,TRUE,TRUE,γεγονέναι,γεγονέναι,NA,NA,NA,TRUE,αὐτῷ,αὐτῷ,NA,NA,ἀνομιλήτῳ,ἀνομιλήτῳ,A,NA,NA,NA,NA,NA,NA,NA,NA,NA,TRUE,TRUE,TRUE,Repetição do pred.; comentar relação com parte duplicadas,3,philosophical_dialogue,attic,Plato,FALSE,A,Experiencer
8741,Plato (0059),Republic (030),390.e.4,"οὐδὲ τὸν τοῦ Ἀχιλλέως παιδαγωγὸν Φοίνικα ἐπαινετέον ὡς μετρίως ἔλεγε συμβουλεύων αὐτῷ δῶρα μὲν λαβόντι ἐπαμύνειν τοῖς Ἀχαιοῖς, ἄνευ δὲ δώρων μὴ ἀπαλλάττεσθαι τῆς μήνιος.",συμβουλεύων,συμβουλεύω,TRUE,FALSE,ἐπαμύνειν,ἐπαμύνειν,NA,NA,NA,TRUE,αὐτῷ,αὐτῷ,NA,NA,λαβόντι,λαβόντι,P,NA,NA,NA,NA,NA,NA,NA,NA,NA,TRUE,NA,FALSE,"Comentar o valor condicional, contrastado na adversativa a seguir",3,philosophical_dialogue,attic,Plato,FALSE,P,Recipient
8747,Plato (0059),Symposium (011),176.d.2,"καὶ οὔτε αὐτὸς ἑκὼν εἶναι πόρρω ἐθελήσαιμι ἂν πιεῖν οὔτε ἄλλῳ συμβουλεύσαιμι, ἄλλως τε καὶ κραιπαλῶντα ἔτι ἐκ τῆς προτεραίας.",συμβουλεύσαιμι,συμβουλεύω,TRUE,FALSE,πιεῖν,πιεῖν,NA,NA,NA,FALSE,ἄλλῳ,ἄλλῳ,NA,NA,κραιπαλῶντα,κραιπαλῶντα,P,NA,NA,NA,NA,NA,NA,NA,NA,NA,FALSE,NA,TRUE,Comentar se essa é a melhor interpretação,5,philosophical_dialogue,attic,Plato,FALSE,P,Recipient
8753,Sophocles (0011),Electra (005),335,"νῦν δ’ ἐν κακοῖς μοι πλεῖν ὑφειμένῃ δοκεῖ, καὶ μὴ δοκεῖν μὲν δρᾶν τι, πημαίνειν δὲ μή·",δοκεῖ,δοκέω,FALSE,FALSE,πλεῖν,πλεῖν,NA,NA,NA,FALSE,μοι,μοι,NA,NA,ὑφειμένῃ,ὑφειμένῃ,P,NA,NA,NA,NA,NA,NA,NA,NA,NA,TRUE,NA,FALSE,NA,2,drama,attic,Sophocles,FALSE,P,Experiencer
8764,Sophocles (0011),Philoctetes (006),1273,"βούλομαι δέ σου κλύειν, πότερα δέδοκταί σοι μένοντι καρτερεῖν ἢ πλεῖν μεθ’ ἡμῶν;",δέδοκταί,δοκέω,FALSE,FALSE,καρτερεῖν,καρτερεῖν,NA,NA,NA,FALSE,σοι,σοι,NA,NA,μένοντι,μένοντι,P,NA,NA,NA,NA,NA,NA,NA,NA,NA,FALSE,NA,FALSE,NA,1,drama,attic,Sophocles,FALSE,P,Experiencer
8778,Sophocles (0011),Electra (005),1,"ὦ τοῦ στρατηγήσαντος ἐν Τροίᾳ ποτὲ Ἀγαμέμνονος παῖ, νῦν ἐκεῖν’ ἔξεστί σοι παρόντι λεύσσειν, ὧν πρόθυμος ἦσθ’ ἀεί.",ἔξεστί,ἔξεστι,FALSE,TRUE,λεύσσειν,λεύσσειν,NA,NA,NA,FALSE,σοι,σοι,NA,NA,παρόντι,παρόντι,P,NA,NA,NA,NA,NA,NA,NA,NA,NA,TRUE,NA,FALSE,NA,1,drama,attic,Sophocles,FALSE,P,Agent
8913,Thucydides (0003),History (001),1.31.2.1,"πυνθανόμενοι δὲ οἱ Κερκυραῖοι τὴν παρασκευὴν αὐτῶν ἐφοβοῦντο, καί (ἦσαν γὰρ οὐδενὸς Ἑλλήνων ἔνσπονδοι οὐδὲ ἐσεγράψαντο ἑαυτοὺς οὔτε ἐς τὰς Ἀθηναίων σπονδὰς οὔτε ἐς τὰς Λακεδαιμονίων) ἔδοξεν αὐτοῖς ἐλθοῦσιν ὡς τοὺς Ἀθηναίους ξυμμάχους γενέσθαι καὶ ὠφελίαν τινὰ πειρᾶσθαι ἀπ’ αὐτῶν εὑρίσκεσθαι.",ἔδοξεν,δοκέω,FALSE,FALSE,γενέσθαι,γενέσθαι,NA,NA,NA,TRUE,αὐτοῖς,αὐτοῖς,NA,NA,ἐλθοῦσιν,ἐλθοῦσιν,P,NA,NA,NA,NA,NA,NA,NA,NA,NA,TRUE,NA,FALSE,NA,1,historiography,attic,Thucydides,FALSE,P,Experiencer
8918,Thucydides (0003),History (001),1.72.1.1,"τῶν δὲ Ἀθηναίων ἔτυχε γὰρ πρεσβεία πρότερον ἐν τῇ Λακεδαίμονι περὶ ἄλλων παροῦσα, καὶ ὡς ᾔσθοντο τῶν λόγων, ἔδοξεν αὐτοῖς παριτητέα ἐς τοὺς Λακεδαιμονίους εἶναι, τῶν μὲν ἐγκλημάτων πέρι μηδὲν ἀπολογησομένους ὧν αἱ πόλεις ἐνεκάλουν, δηλῶσαι δὲ περὶ τοῦ παντὸς ὡς οὐ ταχέως αὐτοῖς βουλευτέον εἴη, ἀλλ’ ἐν πλέονι σκεπτέον.",ἔδοξεν,δοκέω,FALSE,FALSE,δηλῶσαι,δηλῶσαι,NA,NA,NA,FALSE,αὐτοῖς,αὐτοῖς,NA,NA,ἀπολογησομένους,ἀπολογησομένους,P,NA,NA,NA,NA,NA,NA,NA,NA,NA,FALSE,NA,TRUE,Qual o sentido do perihetea?,11,historiography,attic,Thucydides,FALSE,P,Experiencer
8922,Thucydides (0003),History (001),1.107.4.1,ἔδοξε δ’ αὐτοῖς ἐν Βοιωτοῖς περιμείνασι σκέψασθαι ὅτῳ τρόπῳ ἀσφαλέστατα διαπορεύσονται.,ἔδοξε,δοκέω,FALSE,FALSE,σκέψασθαι,σκέψασθαι,NA,NA,NA,FALSE,αὐτοῖς,αὐτοῖς,NA,NA,περιμείνασι,περιμείνασι,P,NA,NA,NA,NA,NA,NA,NA,NA,NA,TRUE,NA,FALSE,NA,3,historiography,attic,Thucydides,FALSE,P,Experiencer
8958,Thucydides (0003),History (001),4.15.1.1,"ἐς δὲ τὴν Σπάρτην ὡς ἠγγέλθη τὰ γεγενημένα περὶ Πύλον, ἔδοξεν αὐτοῖς ὡς ἐπὶ ξυμφορᾷ μεγάλῃ τὰ τέλη καταβάντας ἐς τὸ στρατόπεδον βουλεύειν παραχρῆμα ὁρῶντας ὅτι ἂν δοκῇ.",ἔδοξεν,δοκέω,FALSE,FALSE,βουλεύειν,βουλεύειν,NA,NA,NA,FALSE,αὐτοῖς,αὐτοῖς,NA,NA,"καταβάντας, ὁρῶντας",καταβάντας,P,ὁρῶντας,P,NA,NA,NA,NA,NA,NA,NA,FALSE,FALSE,FALSE,NA,7,historiography,attic,Thucydides,FALSE,P,Experiencer
8959,Thucydides (0003),History (001),4.15.1.1,"καὶ ὡς εἶδον ἀδύνατον ὂν τιμωρεῖν τοῖς ἀνδράσι καὶ κινδυνεύειν οὐκ ἐβούλοντο ἢ ὑπὸ λιμοῦ τι παθεῖν αὐτοὺς ἢ ὑπὸ πλήθους βιασθέντας κρατηθῆναι, ἔδοξεν αὐτοῖς πρὸς τοὺς στρατηγοὺς τῶν Ἀθηναίων, ἢν ἐθέλωσι, σπονδὰς ποιησαμένους τὰ περὶ Πύλον ἀποστεῖλαι ἐς τὰς Ἀθήνας πρέσβεις περὶ ξυμβάσεως καὶ τοὺς ἄνδρας ὡς τάχιστα πειρᾶσθαι κομίσασθαι.",ἔδοξεν,δοκέω,FALSE,FALSE,ἀποστεῖλαι,ἀποστεῖλαι,NA,NA,NA,FALSE,αὐτοῖς,αὐτοῖς,NA,NA,ποιησαμένους,ποιησαμένους,P,NA,NA,NA,NA,NA,NA,NA,NA,NA,FALSE,NA,FALSE,NA,9,historiography,attic,Thucydides,FALSE,P,Experiencer
8964,Thucydides (0003),History (001),4.71.1.1,"αἱ δὲ τῶν Μεγαρέων στάσεις φοβούμεναι, οἱ μὲν μὴ τοὺς φεύγοντας σφίσιν ἐσαγαγὼν αὐτοὺς ἐκβάλῃ, οἱ δὲ μὴ αὐτὸ τοῦτο ὁ δῆμος δείσας ἐπίθηται σφίσι καὶ ἡ πόλις ἐν μάχῃ καθ’ αὑτὴν οὖσα ἐγγὺς ἐφεδρευόντων Ἀθηναίων ἀπόληται, οὐκ ἐδέξαντο, ἀλλ’ ἀμφοτέροις ἐδόκει ἡσυχάσασι τὸ μέλλον περιιδεῖν.",ἐδόκει,δοκέω,FALSE,FALSE,περιιδεῖν,περιιδεῖν,NA,NA,NA,FALSE,ἀμφοτέροις,ἀμφοτέροις,NA,NA,ἡσυχάσασι,ἡσυχάσασι,P,NA,NA,NA,NA,NA,NA,NA,NA,NA,TRUE,NA,FALSE,NA,2,historiography,attic,Thucydides,FALSE,P,Experiencer
8968,Thucydides (0003),History (001),4.118.4.2,"τάδε δὲ ἔδοξε Λακεδαιμονίοις καὶ τοῖς ἄλλοις ξυμμάχοις ἐὰν σπονδὰς ποιῶνται οἱ Ἀθηναῖοι, ἐπὶ τῆς αὐτῶν μένειν ἑκατέρους ἔχοντας ἅπερ νῦν ἔχομεν, τοὺς μὲν ἐν τῷ Κορυφασίῳ ἐντὸς τῆς Βουφράδος καὶ τοῦ Τομέως μένοντας, τοὺς δὲ ἐν Κυθήροις μὴ ἐπιμισγομένους ἐς τὴν ξυμμαχίαν, μήτε ἡμᾶς πρὸς αὐτοὺς μήτε αὐτοὺς πρὸς ἡμᾶς, τοὺς δ’ ἐν Νισαίᾳ καὶ Μινῴᾳ μὴ ὑπερβαίνοντας τὴν ὁδὸν τὴν ἀπὸ τῶν πυλῶν τῶν παρὰ τοῦ Νίσου ἐπὶ τὸ Ποσειδώνιον, ἀπὸ δὲ τοῦ Ποσειδωνίου εὐθὺς ἐπὶ τὴν γέφυραν τὴν ἐς Μινῴαν (μηδὲ Μεγαρέας καὶ τοὺς ξυμμάχους ὑπερβαίνειν τὴν ὁδὸν ταύτην) καὶ τὴν νῆσον, ἥνπερ ἔλαβον οἱ Ἀθηναῖοι, ἔχοντας, μηδὲ ἐπιμισγομένους μηδετέρους μηδετέρωσε, καὶ τὰ ἐν Τροιζῆνι, ὅσαπερ νῦν ἔχουσι, καθ’ ἃ ξυνέθεντο πρὸς Ἀθηναίους·",ἔδοξε,δοκέω,FALSE,FALSE,μένειν,μένειν,NA,NA,NA,FALSE,Λακεδαιμονίοις καὶ τοῖς ἄλλοις ξυμμάχοις,Λακεδαιμονίοις καὶ τοῖς ἄλλοις ξυμμάχοις,NA,NA,ἔχοντας,ἔχοντας,P,NA,NA,NA,NA,NA,NA,NA,NA,NA,FALSE,NA,TRUE,"Comentar a sequência de acusativos dividndo o ""lacedemônios e aliados"" que seguem a ação principal",11,historiography,attic,Thucydides,FALSE,P,Experiencer
8994,Thucydides (0003),History (001),6.9.1.2,"ἐμοὶ μέντοι δοκεῖ καὶ περὶ αὐτοῦ τούτου ἔτι χρῆναι σκέψασθαι, εἰ ἄμεινόν ἐστιν ἐκπέμπειν τὰς ναῦς, καὶ μὴ οὕτω βραχείᾳ βουλῇ περὶ μεγάλων πραγμάτων ἀνδράσιν ἀλλοφύλοις πειθομένους πόλεμον οὐ προσήκοντα ἄρασθαι.",δοκεῖ,δοκέω,FALSE,FALSE,χρῆναι σκέψασθαι,χρῆναι σκέψασθαι,NA,NA,NA,FALSE,ἐμοὶ,ἐμοὶ,NA,NA,πειθομένους,πειθομένους,P,NA,NA,NA,NA,NA,NA,NA,NA,NA,FALSE,NA,FALSE,Comentar a troca de singular para plural,26,historiography,attic,Thucydides,FALSE,P,Experiencer
9017,Thucydides (0003),History (001),7.40.4.2,"ἔπειτα οὐκ ἐδόκει τοῖς Ἀθηναίοις ὑπὸ σφῶν αὐτῶν διαμέλλοντας κόπῳ ἁλίσκεσθαι, ἀλλ’ ἐπιχειρεῖν ὅτι τάχιστα, καὶ ἐπιφερόμενοι ἐκ παρακελεύσεως ἐναυμάχουν.",ἐδόκει,δοκέω,FALSE,FALSE,ἁλίσκεσθαι,ἁλίσκεσθαι,NA,NA,NA,FALSE,τοῖς Ἀθηναίοις,τοῖς Ἀθηναίοις,NA,NA,διαμέλλοντας,διαμέλλοντας,P,NA,NA,NA,NA,NA,NA,NA,NA,NA,FALSE,NA,FALSE,NA,4,historiography,attic,Thucydides,FALSE,P,Experiencer
9027,Thucydides (0003),History (001),7.80.1.1,"τῆς δὲ νυκτὸς τῷ Νικίᾳ καὶ Δημοσθένει ἐδόκει, ἐπειδὴ κακῶς σφίσι τὸ στράτευμα εἶχε τῶν τε ἐπιτηδείων πάντων ἀπορίᾳ ἤδη, καὶ κατατετραυματισμένοι ἦσαν πολλοὶ ἐν πολλαῖς προσβολαῖς τῶν πολεμίων γεγενημέναις, πυρὰ καύσαντας ὡς πλεῖστα ἀπάγειν τὴν στρατιάν, μηκέτι τὴν αὐτὴν ὁδὸν ᾗ διενοήθησαν, ἀλλὰ τοὐναντίον ἢ οἱ Συρακόσιοι ἐτήρουν, πρὸς τὴν θάλασσαν.",ἐδόκει,δοκέω,FALSE,FALSE,ἀπάγειν,ἀπάγειν,NA,NA,NA,FALSE,τῷ Νικίᾳ καὶ Δημοσθένει,τῷ Νικίᾳ καὶ Δημοσθένει,NA,NA,καύσαντας,καύσαντας,P,NA,NA,NA,NA,NA,NA,NA,NA,NA,FALSE,NA,FALSE,NA,24,historiography,attic,Thucydides,καύσαντες,P,Experiencer
9030,Thucydides (0003),History (001),8.8.2.1,"ὁ δὲ Ἆγις ἐπειδὴ ἑώρα τοὺς Λακεδαιμονίους ἐς τὴν Χίον πρῶτον ὡρμημένους, οὐδ’ αὐτὸς ἄλλο τι ἐγίγνωσκεν, ἀλλὰ ξυνελθόντες ἐς Κόρινθον οἱ ξύμμαχοι ἐβουλεύοντο, καὶ ἔδοξε πρῶτον ἐς Χίον αὐτοῖς πλεῖν ἄρχοντα ἔχοντας Χαλκιδέα, ὃς ἐν τῇ Λακωνικῇ τὰς πέντε ναῦς παρεσκεύαζεν, ἔπειτα ἐς Λέσβον καὶ Ἀλκαμένη ἄρχοντα, ὅνπερ καὶ Ἆγις διενοεῖτο, τὸ τελευταῖον δὲ ἐς τὸν Ἑλλήσποντον ἀφικέσθαι (προσετέτακτο δὲ ἐς αὐτὸν ἄρχων Κλέαρχος ὁ Ῥαμφίου), διαφέρειν δὲ τὸν Ἰσθμὸν τὰς ἡμισείας τῶν νεῶν πρῶτον, καὶ εὐθὺς ταύτας ἀποπλεῖν, ὅπως μὴ οἱ Ἀθηναῖοι πρὸς τὰς ἀφορμωμένας μᾶλλον τὸν νοῦν ἔχωσιν ἢ τὰς ὕστερον ἐπιδιαφερομένας.",ἔδοξε,δοκέω,FALSE,FALSE,πλεῖν,πλεῖν,NA,NA,NA,FALSE,αὐτοῖς,αὐτοῖς,NA,NA,ἔχοντας,ἔχοντας,P,NA,NA,NA,NA,NA,NA,NA,NA,NA,FALSE,NA,FALSE,NA,3,historiography,attic,Thucydides,FALSE,P,Experiencer
9031,Thucydides (0003),History (001),8.11.2.3,"καὶ ὁρῶντες τὴν φυλακὴν ἐν χωρίῳ ἐρήμῳ ἐπίπονον οὖσαν ἠπόρουν, καὶ ἐπενόησαν μὲν κατακαῦσαι τὰς ναῦς, ἔπειτα δὲ ἔδοξεν αὐτοῖς ἀνελκύσαι καὶ τῷ πεζῷ προσκαθημένους φυλακὴν ἔχειν, ἕως ἄν τις παρατύχῃ διαφυγὴ ἐπιτηδεία.",ἔδοξεν,δοκέω,FALSE,FALSE,ἔχειν,ἔχειν,NA,NA,NA,FALSE,αὐτοῖς,αὐτοῖς,NA,NA,προσκαθημένους,προσκαθημένους,P,NA,NA,NA,NA,NA,NA,NA,NA,NA,FALSE,NA,FALSE,NA,5,historiography,attic,Thucydides,FALSE,P,Experiencer
9052,Thucydides (0003),History (001),1.37.5.1,"καίτοι εἰ ἦσαν ἄνδρες, ὥσπερ φασίν, ἀγαθοί, ὅσῳ ἀληπτότεροι ἦσαν τοῖς πέλας, τόσῳ δὲ φανερωτέραν ἐξῆν αὐτοῖς τὴν ἀρετὴν διδοῦσι καὶ δεχομένοις τὰ δίκαια δεικνύναι.",ἐξῆν,ἔξεστι,FALSE,TRUE,δεικνύναι,δεικνύναι,NA,NA,NA,FALSE,αὐτοῖς,αὐτοῖς,NA,NA,διδοῦσι καὶ δεχομένοις,διδοῦσι,P,δεχομένοις,P,NA,NA,NA,NA,NA,NA,NA,TRUE,NA,FALSE,NA,3,historiography,attic,Thucydides,FALSE,P,Agent
9055,Thucydides (0003),History (001),3.39.6.3,"πάντες γὰρ ὑμῖν γε ὁμοίως ἐπέθεντο, οἷς γ’ ἐξῆν ὡς ἡμᾶς τραπομένοις νῦν πάλιν ἐν τῇ πόλει εἶναι·",ἐξῆν,ἔξεστι,FALSE,TRUE,εἶναι,εἶναι,NA,NA,NA,TRUE,οἷς,οἷς,NA,NA,τραπομένοις,τραπομένοις,P,NA,NA,NA,NA,NA,NA,NA,NA,NA,TRUE,NA,FALSE,Comentar que o part não é complemento da cópula,5,historiography,attic,Thucydides,τραπομένους,P,Experiencer
9057,Thucydides (0003),History (001),4.17.4.1,"ὑμῖν γὰρ εὐτυχίαν τὴν παροῦσαν ἔξεστι καλῶς θέσθαι, ἔχουσι μὲν ὧν κρατεῖτε, προσλαβοῦσι δὲ τιμὴν καὶ δόξαν, καὶ μὴ παθεῖν ὅπερ οἱ ἀήθως τι ἀγαθὸν λαμβάνοντες τῶν ἀνθρώπων·",ἔξεστι,ἔξεστι,FALSE,TRUE,θέσθαι,θέσθαι,NA,NA,NA,FALSE,ὑμῖν,ὑμῖν,NA,NA,"ἔχουσι, προσλαβοῦσι",ἔχουσι,P,προσλαβοῦσι,P,NA,NA,NA,NA,NA,NA,NA,TRUE,TRUE,FALSE,NA,8,historiography,attic,Thucydides,FALSE,P,Agent
9058,Thucydides (0003),History (001),4.20.3.1,"ἤν τε γνῶτε, Λακεδαιμονίοις ἔξεστιν ὑμῖν φίλους γενέσθαι βεβαίως, αὐτῶν τε προκαλεσαμένων χαρισαμένοις τε μᾶλλον ἢ βιασαμένοις.",ἔξεστιν,ἔξεστι,FALSE,TRUE,γενέσθαι,γενέσθαι,NA,NA,NA,TRUE,ὑμῖν,ὑμῖν,NA,NA,φίλους,φίλους,A,NA,NA,NA,NA,NA,NA,NA,NA,NA,FALSE,NA,FALSE,Comentar que a posição mais marcada já é ocupada por outro dativo.,1,historiography,attic,Thucydides,FALSE,A,Experiencer
9062,Thucydides (0003),History (001),8.53.1.1,"οἱ δὲ μετὰ τοῦ Πεισάνδρου πρέσβεις τῶν Ἀθηναίων ἀποσταλέντες ἐκ τῆς Σάμου ἀφικόμενοι ἐς τὰς Ἀθήνας λόγους ἐποιοῦντο ἐν τῷ δήμῳ κεφαλαιοῦντες ἐκ πολλῶν, μάλιστα δὲ ὡς ἐξείη αὐτοῖς Ἀλκιβιάδην καταγαγοῦσι καὶ μὴ τὸν αὐτὸν τρόπον δημοκρατουμένοις βασιλέα τε ξύμμαχον ἔχειν καὶ Πελοποννησίων περιγενέσθαι.",ἐξείη,ἔξεστι,FALSE,TRUE,ἔχειν,ἔχειν,NA,NA,NA,FALSE,αὐτοῖς,αὐτοῖς,NA,NA,"καταγαγοῦσι, δημοκρατουμένοις",καταγαγοῦσι,P,δημοκρατουμένοις,P,NA,NA,NA,NA,NA,NA,NA,TRUE,TRUE,FALSE,NA,2,historiography,attic,Thucydides,FALSE,P,Agent
9069,Thucydides (0003),History (001),4.126.2.1,"ἀγαθοῖς γὰρ εἶναι ὑμῖν προσήκει τὰ πολέμια οὐ διὰ ξυμμάχων παρουσίαν ἑκάστοτε, ἀλλὰ δι’ οἰκείαν ἀρετήν, καὶ μηδὲν πλῆθος πεφοβῆσθαι ἑτέρων, οἵ γε μηδὲ ἀπὸ πολιτειῶν τοιούτων ἥκετε, ἐν αἷς οὐ πολλοὶ ὀλίγων ἄρχουσιν, ἀλλὰ πλεόνων μᾶλλον ἐλάσσους, οὐκ ἄλλῳ τινὶ κτησάμενοι τὴν δυναστείαν ἢ τῷ μαχόμενοι κρατεῖν.",προσήκει,προσήκω,FALSE,TRUE,εἶναι,εἶναι,NA,NA,NA,TRUE,ὑμῖν,ὑμῖν,NA,NA,ἀγαθοῖς,ἀγαθοῖς,A,NA,NA,NA,NA,NA,NA,NA,NA,NA,TRUE,NA,FALSE,NA,-3,historiography,attic,Thucydides,FALSE,A,Experiencer
9092,Thucydides (0003),History (001),5.26.5.3,"καὶ ξυνέβη μοι φεύγειν τὴν ἐμαυτοῦ ἔτη εἴκοσι μετὰ τὴν ἐς Ἀμφίπολιν στρατηγίαν, καὶ γενομένῳ παρ’ ἀμφοτέροις τοῖς πράγμασι, καὶ οὐχ ἧσσον τοῖς Πελοποννησίων διὰ τὴν φυγήν, καθ’ ἡσυχίαν τι αὐτῶν μᾶλλον αἰσθέσθαι.",ξυνέβη,συμβαίνω,FALSE,TRUE,φεύγειν,φεύγειν,NA,NA,NA,FALSE,μοι,μοι,NA,NA,γενομένῳ,γενομένῳ,P,NA,NA,NA,NA,NA,NA,NA,NA,NA,TRUE,NA,FALSE,Comentar particípio copular,12,historiography,attic,Thucydides,FALSE,P,Agent
9101,Thucydides (0003),History (001),6.55.4.1,Ἱππάρχῳ δὲ ξυνέβη τοῦ πάθους τῇ δυστυχίᾳ ὀνομασθέντα καὶ τὴν δόξαν τῆς τυραννίδος ἐς τὰ ἔπειτα προσλαβεῖν.,ξυνέβη,συμβαίνω,FALSE,TRUE,προσλαβεῖν,προσλαβεῖν,NA,NA,NA,FALSE,Ἱππάρχῳ,Ἱππάρχῳ,NA,NA,ὀνομασθέντα,ὀνομασθέντα,P,NA,NA,NA,NA,NA,NA,NA,NA,NA,FALSE,NA,FALSE,NA,7,historiography,attic,Thucydides,FALSE,P,Agent
9106,Thucydides (0003),History (001),7.57.9.9,"ξυνέβη δὲ τοῖς Κρησὶ τὴν Γέλαν Ῥοδίοις ξυγκτίσαντας μὴ ξὺν τοῖς ἀποίκοις, ἀλλ’ ἐπὶ τοὺς ἀποίκους ἑκόντας μετὰ μισθοῦ ἐλθεῖν.",ξυνέβη,συμβαίνω,FALSE,TRUE,ἐλθεῖν,ἐλθεῖν,NA,NA,NA,FALSE,τοῖς Κρησὶ,τοῖς Κρησὶ,NA,NA,"ξυγκτίσαντας, ἑκόντας",ξυγκτίσαντας,P,ἑκόντας,P,NA,NA,NA,NA,NA,NA,NA,FALSE,FALSE,TRUE,Comentar coordenação dos particípios,4,historiography,attic,Thucydides,FALSE,P,Agent
9217,Thucydides (0003),History (001),7.63.3.1,"τοῖς δὲ ναύταις παραινῶ καὶ ἐν τῷ αὐτῷ τῷδε καὶ δέομαι μὴ ἐκπεπλῆχθαί τι ταῖς ξυμφοραῖς ἄγαν, τήν τε παρασκευὴν ἀπὸ τῶν καταστρωμάτων βελτίω νῦν ἔχοντας καὶ τὰς ναῦς πλείους, ἐκείνην τε τὴν ἡδονὴν ἐνθυμεῖσθαι ὡς ἀξία ἐστὶ διασώσασθαι, οἳ τέως Ἀθηναῖοι νομιζόμενοι καὶ μὴ ὄντες ἡμῶν τῆς τε φωνῆς τῇ ἐπιστήμῃ καὶ τῶν τρόπων τῇ μιμήσει ἐθαυμάζεσθε κατὰ τὴν Ἑλλάδα, καὶ τῆς ἀρχῆς τῆς ἡμετέρας οὐκ ἔλασσον κατὰ τὸ ὠφελεῖσθαι ἔς τε τὸ φοβερὸν τοῖς ὑπηκόοις καὶ τὸ μὴ ἀδικεῖσθαι πολὺ πλέον μετείχετε.",παραινῶ,παραινῶ,TRUE,FALSE,ἐνθυμεῖσθαι,ἐνθυμεῖσθαι,NA,NA,NA,FALSE,τοῖς δὲ ναύταις,τοῖς δὲ ναύταις,NA,NA,ἔχοντας,ἔχοντας,P,NA,NA,NA,NA,NA,NA,NA,NA,NA,FALSE,NA,TRUE,CORRIGIR VERBO PRINCIPAL,23,historiography,attic,Thucydides,FALSE,P,Recipient
9322,Thucydides (0003),History (001),5.71.3.1,"δείσας δὲ Ἆγις μὴ σφῶν κυκλωθῇ τὸ εὐώνυμον, καὶ νομίσας ἄγαν περιέχειν τοὺς Μαντινέας, τοῖς μὲν Σκιρίταις καὶ Βρασιδείοις ἐσήμηνεν ἐπεξαγαγόντας ἀπὸ σφῶν ἐξισῶσαι τοῖς Μαντινεῦσιν, ἐς δὲ τὸ διάκενον τοῦτο παρήγγελλεν ἀπὸ τοῦ δεξιοῦ κέρως δύο λόχους τῶν πολεμάρχων Ἱππονοΐδᾳ καὶ Ἀριστοκλεῖ ἔχουσι παρελθεῖν καὶ ἐσβαλόντας πληρῶσαι, νομίζων τῷ θ’ ἑαυτῶν δεξιῷ ἔτι περιουσίαν ἔσεσθαι καὶ τὸ κατὰ τοὺς Μαντινέας βεβαιότερον τετάξεσθαι.",παρήγγελλεν,παραγγέλλω,TRUE,FALSE,"παρελθεῖν, πληρῶσαι",παρελθεῖν,πληρῶσαι,NA,NA,TRUE,Ἱππονοΐδᾳ καὶ Ἀριστοκλεῖ,Ἱππονοΐδᾳ καὶ Ἀριστοκλεῖ,NA,NA,"ἔχουσι, ἐσβαλόντας",ἔχουσι,P,ἐσβαλόντας,P,NA,NA,NA,NA,NA,NA,NA,TRUE,FALSE,TRUE,Comentar o plural e o fato de ἔχουσι ser parte do comando. Contrastar a posição dos verbos de movimento.,1,historiography,attic,Thucydides,FALSE,P,Recipient
9423,Thucydides (0003),History (001),5.71.3.1,"δείσας δὲ Ἆγις μὴ σφῶν κυκλωθῇ τὸ εὐώνυμον, καὶ νομίσας ἄγαν περιέχειν τοὺς Μαντινέας, τοῖς μὲν Σκιρίταις καὶ Βρασιδείοις ἐσήμηνεν ἐπεξαγαγόντας ἀπὸ σφῶν ἐξισῶσαι τοῖς Μαντινεῦσιν, ἐς δὲ τὸ διάκενον τοῦτο παρήγγελλεν ἀπὸ τοῦ δεξιοῦ κέρως δύο λόχους τῶν πολεμάρχων Ἱππονοΐδᾳ καὶ Ἀριστοκλεῖ ἔχουσι παρελθεῖν καὶ ἐσβαλόντας πληρῶσαι, νομίζων τῷ θ’ ἑαυτῶν δεξιῷ ἔτι περιουσίαν ἔσεσθαι καὶ τὸ κατὰ τοὺς Μαντινέας βεβαιότερον τετάξεσθαι.",ἐσήμηνεν,σημαίνω,TRUE,FALSE,ἐξισῶσαι,ἐξισῶσαι,NA,NA,NA,FALSE,τοῖς μὲν Σκιρίταις καὶ Βρασιδείοις,τοῖς μὲν Σκιρίταις καὶ Βρασιδείοις,NA,NA,ἐπεξαγαγόντας,ἐπεξαγαγόντας,P,NA,NA,NA,NA,NA,NA,NA,NA,NA,FALSE,NA,FALSE,dat pl logo após vinf; Comparar duas realizações lado a lado,2,historiography,attic,Thucydides,FALSE,P,Recipient
9460,Xenophon (0032),Anabasis (006),2.1.2.3,"ἔδοξεν οὖν αὐτοῖς συσκευασαμένοις ἃ εἶχον καὶ ἐξοπλισαμένοις προϊέναι εἰς τὸ πρόσθεν, ἕως Κύρῳ συμμείξειαν.",ἔδοξεν,δοκέω,FALSE,FALSE,προϊέναι,προϊέναι,NA,NA,NA,FALSE,αὐτοῖς,αὐτοῖς,NA,NA,"συσκευασαμένοις, ἐξοπλισαμένοις",συσκευασαμένοις,P,ἐξοπλισαμένοις,P,NA,NA,NA,NA,NA,NA,NA,TRUE,TRUE,FALSE,Comentar coordenação dos particípios,1,historiography,attic,Xenophon,FALSE,P,Experiencer
9481,Xenophon (0032),Anabasis (006),3.2.1.1,"ἐπεὶ δὲ ᾕρηντο, ἡμέρα τε σχεδὸν ὑπέφαινε καὶ εἰς τὸ μέσον ἧκον οἱ ἄρχοντες, καὶ ἔδοξεν αὐτοῖς προφυλακὰς καταστήσαντας συγκαλεῖν τοὺς στρατιώτας.",ἔδοξεν,δοκέω,FALSE,FALSE,συγκαλεῖν,συγκαλεῖν,NA,NA,NA,FALSE,αὐτοῖς,αὐτοῖς,NA,NA,καταστήσαντας,καταστήσαντας,P,NA,NA,NA,NA,NA,NA,NA,NA,NA,FALSE,NA,FALSE,NA,2,historiography,attic,Xenophon,FALSE,P,Experiencer
9498,Xenophon (0032),Anabasis (006),4.1.12.1,"ἅμα δὲ τῇ ἡμέρᾳ συνελθοῦσι τοῖς στρατηγοῖς καὶ λοχαγοῖς τῶν Ἑλλήνων ἔδοξε τῶν τε ὑποζυγίων τὰ ἀναγκαῖα καὶ δυνατώτατα ἔχοντας πορεύεσθαι, καταλιπόντας τἆλλα, καὶ ὅσα ἦν νεωστὶ αἰχμάλωτα ἀνδράποδα ἐν τῇ στρατιᾷ πάντα ἀφεῖναι.",ἔδοξε,δοκέω,FALSE,FALSE,πορεύεσθαι,πορεύεσθαι,NA,NA,NA,FALSE,λοχαγοῖς,λοχαγοῖς,NA,NA,"ἔχοντας, καταλιπόντας",ἔχοντας,P,καταλιπόντας,P,NA,NA,NA,NA,NA,NA,NA,FALSE,FALSE,FALSE,NA,11,historiography,attic,Xenophon,FALSE,P,Experiencer
9517,Xenophon (0032),Anabasis (006),4.8.9.4,ἔπειτα δὲ ἔδοξε τοῖς στρατηγοῖς βουλεύσασθαι συλλεγεῖσιν ὅπως ὡς κάλλιστα ἀγωνιοῦνται.,ἔδοξε,δοκέω,FALSE,FALSE,βουλεύσασθαι,βουλεύσασθαι,NA,NA,NA,FALSE,τοῖς στρατηγοῖς,τοῖς στρατηγοῖς,NA,NA,συλλεγεῖσιν,συλλεγεῖσιν,P,NA,NA,NA,NA,NA,NA,NA,NA,NA,TRUE,NA,FALSE,NA,2,historiography,attic,Xenophon,FALSE,P,Experiencer
9518,Xenophon (0032),Anabasis (006),4.8.12.1,ἀλλά μοι δοκεῖ ὀρθίους τοὺς λόχους ποιησαμένους τοσοῦτον χωρίον κατασχεῖν διαλιπόντας τοῖς λόχοις ὅσον ἔξω τοὺς ἐσχάτους λόχους γενέσθαι τῶν πολεμίων κεράτων·,δοκεῖ,δοκέω,FALSE,FALSE,κατασχεῖν,κατασχεῖν,NA,NA,NA,FALSE,μοι,μοι,NA,NA,"ποιησαμένους, διαλιπόντας",ποιησαμένους,P,διαλιπόντας,P,NA,NA,NA,NA,NA,NA,NA,FALSE,FALSE,FALSE,Comentar troca de singular para plural,5,historiography,attic,Xenophon,FALSE,P,Experiencer
9531,Xenophon (0032),Anabasis (006),5.6.1.2,καὶ ἐδόκει αὐτοῖς περὶ τῆς λοιπῆς πορείας παρακαλέσαντας τοὺς Σινωπέας βουλεύεσθαι.,ἐδόκει,δοκέω,FALSE,FALSE,βουλεύεσθαι,βουλεύεσθαι,NA,NA,NA,FALSE,αὐτοῖς,αὐτοῖς,NA,NA,παρακαλέσαντας,παρακαλέσαντας,P,NA,NA,NA,NA,NA,NA,NA,NA,NA,FALSE,NA,FALSE,NA,5,historiography,attic,Xenophon,FALSE,P,Experiencer
9557,Xenophon (0032),Anabasis (006),6.6.30.1,ἐκ τούτου ἔδοξεν αὐτοῖς πέμψαντας στρατηγοὺς καὶ λοχαγοὺς καὶ Δρακόντιον τὸν Σπαρτιάτην καὶ τῶν ἄλλων οἳ ἐδόκουν ἐπιτήδειοι εἶναι δεῖσθαι Κλεάνδρου κατὰ πάντα τρόπον ἀφεῖναι τὼ ἄνδρε.,ἔδοξεν,δοκέω,FALSE,FALSE,δεῖσθαι,δεῖσθαι,NA,NA,NA,FALSE,αὐτοῖς,αὐτοῖς,NA,NA,πέμψαντας,πέμψαντας,P,NA,NA,NA,NA,NA,NA,NA,NA,NA,FALSE,NA,FALSE,NA,1,historiography,attic,Xenophon,FALSE,P,Experiencer
9559,Xenophon (0032),Anabasis (006),6.6.38.1,"ἐπεὶ δὲ οὐδενὶ ἐνέτυχον πορευόμενοι τὴν ὀρθὴν ὁδόν, ὥστε ἔχοντές τι εἰς τὴν φιλίαν ἐλθεῖν, ἔδοξεν αὐτοῖς τοὔμπαλιν ὑποστρέψαντας ἐλθεῖν μίαν ἡμέραν καὶ νύκτα.",ἔδοξεν,δοκέω,FALSE,FALSE,ἐλθεῖν,ἐλθεῖν,NA,NA,NA,FALSE,αὐτοῖς,αὐτοῖς,NA,NA,ὑποστρέψαντας,ὑποστρέψαντας,P,NA,NA,NA,NA,NA,NA,NA,NA,NA,FALSE,NA,FALSE,Comentar verbo de movimento,2,historiography,attic,Xenophon,FALSE,P,Experiencer
9560,Xenophon (0032),Anabasis (006),7.1.31.1,"καὶ νῦν μοι δοκεῖ πέμψαντας Ἀναξιβίῳ εἰπεῖν ὅτι ἡμεῖς οὐδὲν βίαιον ποιήσοντες παρεληλύθαμεν εἰς τὴν πόλιν, ἀλλ’ ἢν μὲν δυνώμεθα παρ’ ὑμῶν ἀγαθόν τι εὑρίσκεσθαι, εἰ δὲ μή, ἀλλὰ δηλώσοντες ὅτι οὐκ ἐξαπατώμενοι ἀλλὰ πειθόμενοι ἐξερχόμεθα.",δοκεῖ,δοκέω,FALSE,FALSE,εἰπεῖν,εἰπεῖν,NA,NA,NA,FALSE,μοι,μοι,NA,NA,πέμψαντας,πέμψαντας,P,NA,NA,NA,NA,NA,NA,NA,NA,NA,FALSE,NA,FALSE,Comentar troca de singular para plural,2,historiography,attic,Xenophon,FALSE,P,Experiencer
9654,Xenophon (0032),Cyropaedia (007),3.3.14.2,"ἡμῖν γὰρ δοκεῖ πᾶσιν, ἐπείπερ παρεσκευάσμεθα, μὴ ἐπειδὰν ἐμβάλωσιν οἱ πολέμιοι εἰς τὴν σὴν χώραν, τότε μάχεσθαι, μηδ’ ἐν τῇ φιλίᾳ καθημένους ἡμᾶς ὑπομένειν, ἀλλ’ ἰέναι ὡς τάχιστα εἰς τὴν πολεμίαν.",δοκεῖ,δοκέω,FALSE,FALSE,ὑπομένειν,ὑπομένειν,NA,NA,NA,FALSE,ἡμῖν,ἡμῖν,NA,NA,καθημένους,καθημένους,P,NA,NA,NA,NA,NA,NA,NA,NA,NA,FALSE,NA,FALSE,Comentar a repetição do pronome,21,historiography,attic,Xenophon,FALSE,P,Experiencer
9823,Xenophon (0032),Hellenica (001),3.2.14.1,"ἐπεὶ δ’ ἐκεῖ ἦσαν, ἔδοξεν αὐτοῖς ἱκανὰς φυλακὰς εἰς τὰ ἐρύματα καταστήσαντας διαβαίνειν πάλιν ἐπὶ τὴν Ἰωνίαν.",ἔδοξεν,δοκέω,FALSE,FALSE,διαβαίνειν,διαβαίνειν,NA,NA,NA,FALSE,αὐτοῖς,αὐτοῖς,NA,NA,καταστήσαντας,καταστήσαντας,P,NA,NA,NA,NA,NA,NA,NA,NA,NA,FALSE,NA,FALSE,NA,6,historiography,attic,Xenophon,FALSE,P,Experiencer
9828,Xenophon (0032),Hellenica (001),3.5.23.9,διὰ οὖν πάντα ταῦτα ἔδοξεν αὐτοῖς τοὺς νεκροὺς ὑποσπόνδους ἀναιρεῖσθαι.,ἔδοξεν,δοκέω,FALSE,FALSE,ἀναιρεῖσθαι,ἀναιρεῖσθαι,NA,NA,NA,FALSE,αὐτοῖς,αὐτοῖς,NA,NA,ὑποσπόνδους,ὑποσπόνδους,A,NA,NA,NA,NA,NA,NA,NA,NA,NA,FALSE,NA,FALSE,NA,3,historiography,attic,Xenophon,FALSE,A,Experiencer
10029,Xenophon (0032),Memorabilia (002),4.3.13.1,"ὅτι δέ γε ἀληθῆ λέγω, καὶ σὺ γνώσῃ, ἂν μὴ ἀναμένῃς ἕως ἂν τὰς μορφὰς τῶν θεῶν ἴδῃς, ἀλλ’ ἐξαρκῇ σοι τὰ ἔργα αὐτῶν ὁρῶντι σέβεσθαι καὶ τιμᾶν τοὺς θεούς.",ἐξαρκῇ,ἐξαρκέω,FALSE,TRUE,σέβεσθαι,σέβεσθαι,NA,NA,NA,FALSE,σοι,σοι,NA,NA,ὁρῶντι,ὁρῶντι,P,NA,NA,NA,NA,NA,NA,NA,NA,NA,TRUE,NA,FALSE,MESTRADO,4,philosophical_dialogue,attic,Xenophon,FALSE,P,Agent
10034,Xenophon (0032),Anabasis (006),2.5.18.2,"οὐ τοσαῦτα μὲν πεδία ἃ ὑμεῖς φίλια ὄντα σὺν πολλῷ πόνῳ διαπορεύεσθε, τοσαῦτα δὲ ὄρη ὁρᾶτε ὑμῖν ὄντα πορευτέα, ἃ ἡμῖν ἔξεστι προκαταλαβοῦσιν ἄπορα ὑμῖν παρέχειν, τοσοῦτοι δ’ εἰσὶ ποταμοὶ ἐφ’ ὧν ἔξεστιν ἡμῖν ταμιεύεσθαι ὁπόσοις ἂν ὑμῶν βουλώμεθα μάχεσθαι;",ἔξεστι,ἔξεστι,FALSE,TRUE,παρέχειν,παρέχειν,NA,NA,NA,FALSE,ἡμῖν,ἡμῖν,NA,NA,προκαταλαβοῦσιν,προκαταλαβοῦσιν,P,NA,NA,NA,NA,NA,NA,NA,NA,NA,TRUE,NA,FALSE,NA,2,historiography,attic,Xenophon,FALSE,P,Agent
10043,Xenophon (0032),Anabasis (006),7.1.21.3,"νῦν σοι ἔξεστιν, ὦ Ξενοφῶν, ἀνδρὶ γενέσθαι.",ἔξεστιν,ἔξεστι,FALSE,TRUE,γενέσθαι,γενέσθαι,NA,NA,NA,TRUE,σοι,σοι,NA,NA,ἀνδρὶ,ἀνδρὶ,N,NA,NA,NA,NA,NA,NA,NA,NA,NA,TRUE,NA,FALSE,NA,4,historiography,attic,Xenophon,FALSE,N,Experiencer
10047,Xenophon (0032),Constitution of the Lacedaemonians (010),13.9.1,ἔξεστι δὲ τῷ νέῳ καὶ κεχριμένῳ εἰς μάχην συνιέναι καὶ φαιδρὸν εἶναι καὶ εὐδόκιμον.,ἔξεστι,ἔξεστι,FALSE,TRUE,"συνιέναι, εἶναι",συνιέναι,εἶναι,NA,NA,TRUE,τῷ νέῳ,τῷ νέῳ,NA,NA,"κεχριμένῳ, φαιδρὸν, εὐδόκιμον",κεχριμένῳ,P,φαιδρὸν,A,εὐδόκιμον,A,NA,NA,NA,NA,NA,TRUE,FALSE,FALSE,Comentar sobre cópula apenas para os dois últimos preds,2,juridical,attic,Xenophon,FALSE,P,Experiencer
10053,Xenophon (0032),Cyropaedia (007),2.1.15.7,"ἔξεστι δ’ ὑμῖν, εἰ βούλεσθε, λαβόντας ὅπλα οἷάπερ ἡμεῖς ἔχομεν εἰς τὸν αὐτὸν ἡμῖν κίνδυνον ἐμβαίνειν, καὶ ἄν τι ἐκ τούτων καλὸν κἀγαθὸν γίγνηται, τῶν ὁμοίων ἡμῖν ἀξιοῦσθαι.",ἔξεστι,ἔξεστι,FALSE,TRUE,ἐμβαίνειν,ἐμβαίνειν,NA,NA,NA,FALSE,ὑμῖν,ὑμῖν,NA,NA,λαβόντας,λαβόντας,P,NA,NA,NA,NA,NA,NA,NA,NA,NA,FALSE,NA,FALSE,NA,3,historiography,attic,Xenophon,λαβοῦσιν,P,Agent
10061,Xenophon (0032),Cyropaedia (007),4.3.14.5,"ὅπου γὰρ ἂν βουλώμεθα, ἐξέσται ἡμῖν πεζοῖς εὐθὺς μάχεσθαι·",ἐξέσται,ἔξεστι,FALSE,TRUE,μάχεσθαι,μάχεσθαι,NA,NA,NA,FALSE,ἡμῖν,ἡμῖν,NA,NA,πεζοῖς,πεζοῖς,A,NA,NA,NA,NA,NA,NA,NA,NA,NA,TRUE,NA,FALSE,NA,1,historiography,attic,Xenophon,FALSE,A,Agent
10070,Xenophon (0032),Cyropaedia (007),8.3.50.1,"οὕτω δὴ ὅ τε Φεραύλας ὑπερήδετο ὅτι ἐξέσοιτο αὐτῷ ἀπαλλαγέντι τῆς τῶν ἄλλων κτημάτων ἐπιμελείας ἀμφὶ τοὺς φίλους ἔχειν, ὅ τε Σάκας ὅτι ἔμελλε πολλὰ ἔχων πολλοῖς χρήσεσθαι.",ἐξέσοιτο,ἔξεστι,FALSE,TRUE,ἔχειν,ἔχειν,NA,NA,NA,FALSE,αὐτῷ,αὐτῷ,NA,NA,ἀπαλλαγέντι,ἀπαλλαγέντι,P,NA,NA,NA,NA,NA,NA,NA,NA,NA,TRUE,NA,FALSE,NA,1,historiography,attic,Xenophon,FALSE,P,Agent
10075,Xenophon (0032),Hellenica (001),2.3.41.8,"ἐξῆν γὰρ αὐτοῖς, εἰ τούτου γε δέοιντο, καὶ μηδένα λιπεῖν ὀλίγον ἔτι χρόνον τῷ λιμῷ πιέσαντας.",ἐξῆν,ἔξεστι,FALSE,TRUE,λιπεῖν,λιπεῖν,NA,NA,NA,FALSE,αὐτοῖς,αὐτοῖς,NA,NA,πιέσαντας,πιέσαντας,P,NA,NA,NA,NA,NA,NA,NA,NA,NA,FALSE,NA,FALSE,NA,13,historiography,attic,Xenophon,FALSE,P,Agent
10078,Xenophon (0032),Hellenica (001),4.1.35.3,νῦν δὲ ἔξεστί σοι μεθ’ ἡμῶν γενομένῳ μηδένα προσκυνοῦντα μηδὲ δεσπότην ἔχοντα ζῆν καρπούμενον τὰ σαυτοῦ.,ἔξεστί,ἔξεστι,FALSE,TRUE,ζῆν,ζῆν,NA,NA,NA,FALSE,σοι,σοι,NA,NA,"γενομένῳ, προσκυνοῦντα, ἔχοντα, καρπούμενον",γενομένῳ,P,προσκυνοῦντα,P,ἔχοντα,P,καρπούμενον,P,NA,NA,NA,TRUE,FALSE,TRUE,Efeito de relativa,3,historiography,attic,Xenophon,FALSE,P,Agent
10079,Xenophon (0032),Hellenica (001),4.8.4.1,"ὦ ἄνδρες, νῦν ἔξεστιν ὑμῖν καὶ πρόσθεν φίλοις οὖσι τῇ πόλει ἡμῶν εὐεργέτας φανῆναι τῶν Λακεδαιμονίων.",ἔξεστιν,ἔξεστι,FALSE,TRUE,φανῆναι,φανῆναι,NA,NA,NA,TRUE,ὑμῖν,ὑμῖν,NA,NA,"φίλοις οὖσι, εὐεργέτας",φίλοις οὖσι,P,εὐεργέτας,S,NA,NA,NA,NA,NA,NA,NA,TRUE,FALSE,TRUE,Efeito de relativa,3,historiography,attic,Xenophon,FALSE,P,Experiencer
10081,Xenophon (0032),Hellenica (001),5.4.26.2,"ἔξεστί σοι, ὦ υἱέ, σῶσαι τὸν πατέρα, δεηθέντι Ἀρχιδάμου εὐμενῆ Ἀγησίλαον ἐμοὶ εἰς τὴν κρίσιν παρασχεῖν.",ἔξεστί,ἔξεστι,FALSE,TRUE,σῶσαι,σῶσαι,NA,NA,NA,FALSE,σοι,σοι,NA,NA,δεηθέντι,δεηθέντι,P,NA,NA,NA,NA,NA,NA,NA,NA,NA,TRUE,NA,FALSE,NA,6,historiography,attic,Xenophon,FALSE,P,Agent
10084,Xenophon (0032),Hellenica (001),7.1.17.1,"ὡς δὲ οἱ σωθέντες ἐκ τοῦ πράγματος ἀπέφυγον ἐπὶ τὸν ἐγγύτατα λόφον, ἐξὸν τῷ Λακεδαιμονίων πολεμάρχῳ λαβόντι ὁπόσους μὲν ἐβούλετο τῶν συμμάχων ὁπλίτας, ὁπόσους δὲ πελταστάς, κατέχειν τὸ χωρίον, καὶ γὰρ τὰ ἐπιτήδεια ἐξῆν ἀσφαλῶς ἐκ Κεγχρειῶν κομίζεσθαι, οὐκ ἐποίησε ταῦτα, ἀλλὰ μάλα ἀπορούντων τῶν Θηβαίων πῶς χρὴ ἐκ τοῦ πρὸς Σικυῶνα βλέποντος καταβῆναι ἢ πάλιν ἀπελθεῖν, σπονδὰς ποιησάμενος, ὡς τοῖς πλείστοις ἐδόκει, πρὸς Θηβαίων μᾶλλον ἢ πρὸς ἑαυτῶν, οὕτως ἀπῆλθε καὶ τοὺς μεθ’ αὑτοῦ ἀπήγαγεν.",ἐξὸν,ἔξεστι,FALSE,TRUE,κατέχειν,κατέχειν,NA,NA,NA,FALSE,τῷ Λακεδαιμονίων πολεμάρχῳ,τῷ Λακεδαιμονίων πολεμάρχῳ,NA,NA,λαβόντι,λαβόντι,P,NA,NA,NA,NA,NA,NA,NA,NA,NA,TRUE,NA,FALSE,NA,1,historiography,attic,Xenophon,FALSE,P,Agent
10112,Xenophon (0032),Anabasis (006),3.2.11.1,"ἔπειτα δὲ ἀναμνήσω γὰρ ὑμᾶς καὶ τοὺς τῶν προγόνων τῶν ἡμετέρων κινδύνους, ἵνα εἰδῆτε ὡς ἀγαθοῖς τε ὑμῖν προσήκει εἶναι σῴζονταί τε σὺν τοῖς θεοῖς καὶ ἐκ πάνυ δεινῶν οἱ ἀγαθοί.",προσήκει,προσήκω,FALSE,TRUE,εἶναι,εἶναι,NA,NA,NA,TRUE,ὑμῖν,ὑμῖν,NA,NA,ἀγαθοῖς,ἀγαθοῖς,A,NA,NA,NA,NA,NA,NA,NA,NA,NA,TRUE,NA,FALSE,MESTRADO,-2,historiography,attic,Xenophon,FALSE,A,Experiencer
10136,Xenophon (0032),On the Cavalry Commander (012),7.1.1,παντὶ μὲν οὖν προσήκει ἄρχοντι φρονίμῳ εἶναι·,προσήκει,προσήκω,FALSE,TRUE,εἶναι,εἶναι,NA,NA,NA,TRUE,παντὶ,παντὶ,NA,NA,ἄρχοντι φρονίμῳ,ἄρχοντι φρονίμῳ,P,NA,NA,NA,NA,NA,NA,NA,NA,NA,TRUE,TRUE,FALSE,Discutir: um ou dois pred?,4,other,attic,Xenophon,FALSE,P,Experiencer
10167,Xenophon (0032),Economics (003),11.23.3,"ἢ γὰρ κατηγοροῦντός τινος τῶν οἰκετῶν ἢ ἀπολογουμένου ἀκούσας ἐλέγχειν πειρῶμαι, ἢ μέμφομαί τινα πρὸς τοὺς φίλους ἢ ἐπαινῶ, ἢ διαλλάττω τινὰς τῶν ἐπιτηδείων πειρώμενος διδάσκειν ὡς συμφέρει αὐτοῖς φίλους εἶναι μᾶλλον ἢ πολεμίους, ἢ ἐπιτιμῶμέν τινι στρατηγῷ συμπαρόντες, ἢ ἀπολογούμεθα ὑπέρ του, εἴ τις ἀδίκως αἰτίαν ἔχει, ἢ κατηγοροῦμεν πρὸς ἀλλήλους, εἴ τις ἀδίκως τιμᾶται.",συμφέρει,συμφέρω,FALSE,TRUE,εἶναι,εἶναι,NA,NA,NA,FALSE,αὐτοῖς,αὐτοῖς,NA,NA,"φίλους, πολεμίους",φίλους,A,πολεμίους,A,NA,NA,NA,NA,NA,NA,NA,FALSE,FALSE,FALSE,NA,1,philosophical_dialogue,attic,Xenophon,FALSE,A,Agent
10189,Xenophon (0032),Hiero (008),11.9.1,"περίβλεπτος δὲ ὢν οὐχ ὑπὸ ἰδιωτῶν μόνον ἀλλὰ καὶ ὑπὸ πολλῶν πόλεων ἀγαπῷο ἄν, καὶ θαυμαστὸς οὐκ ἰδίᾳ μόνον ἀλλὰ καὶ δημοσίᾳ παρὰ πᾶσιν ἂν εἴης, καὶ ἐξείη μὲν ἄν σοι ἕνεκεν ἀσφαλείας, εἴ ποι βούλοιο, θεωρήσοντι πορεύεσθαι, ἐξείη δ’ ἂν αὐτοῦ μένοντι τοῦτο πράττειν.",ἐξείη,ἔξεστι,FALSE,TRUE,πορεύεσθαι,πορεύεσθαι,NA,NA,NA,FALSE,σοι,σοι,NA,NA,"θεωρήσοντι, μένοντι",θεωρήσοντι,P,μένοντι,P,NA,NA,NA,NA,NA,NA,NA,TRUE,TRUE,FALSE,Comentar repetição de eceih sem obj,6,philosophical_dialogue,attic,Xenophon,FALSE,P,Agent
10195,Xenophon (0032),Memorabilia (002),2.1.33.12,"τοιαῦτά σοι, ὦ παῖ τοκέων ἀγαθῶν Ἡράκλεις, ἔξεστι διαπονησαμένῳ τὴν μακαριστοτάτην εὐδαιμονίαν κεκτῆσθαι.",ἔξεστι,ἔξεστι,FALSE,TRUE,κεκτῆσθαι,κεκτῆσθαι,NA,NA,NA,FALSE,σοι,σοι,NA,NA,διαπονησαμένῳ,διαπονησαμένῳ,P,NA,NA,NA,NA,NA,NA,NA,NA,NA,TRUE,NA,FALSE,NA,7,philosophical_dialogue,attic,Xenophon,FALSE,P,Agent
10196,Xenophon (0032),Memorabilia (002),2.6.26.1,"ἀλλὰ καὶ ἐν τοῖς γυμνικοῖς ἀγῶσι δῆλόν ἐστιν, ὅτι, εἰ ἐξῆν τοῖς κρατίστοις συνθεμένους ἐπὶ τοὺς χείρους ἰέναι, πάντας ἂν τοὺς ἀγῶνας οὗτοι ἐνίκων καὶ πάντα τὰ ἆθλα οὗτοι ἐλάμβανον.",ἐξῆν,ἔξεστι,FALSE,TRUE,ἰέναι,ἰέναι,NA,NA,NA,FALSE,τοῖς κρατίστοις,τοῖς κρατίστοις,NA,NA,συνθεμένους,συνθεμένους,P,NA,NA,NA,NA,NA,NA,NA,NA,NA,FALSE,NA,TRUE,Comentar,1,philosophical_dialogue,attic,Xenophon,FALSE,P,Agent
10200,Xenophon (0032),Memorabilia (002),4.5.11.7,"ἀλλὰ τοῖς ἐγκρατέσι μόνοις ἔξεστι σκοπεῖν τὰ κράτιστα τῶν πραγμάτων, καὶ λόγῳ καὶ ἔργῳ διαλέγοντας κατὰ γένη τὰ μὲν ἀγαθὰ προαιρεῖσθαι, τῶν δὲ κακῶν ἀπέχεσθαι.",ἔξεστι,ἔξεστι,FALSE,TRUE,σκοπεῖν,σκοπεῖν,NA,NA,NA,FALSE,τοῖς ἐγκρατέσι μόνοις,τοῖς ἐγκρατέσι μόνοις,NA,NA,διαλέγοντας,διαλέγοντας,P,NA,NA,NA,NA,NA,NA,NA,NA,NA,FALSE,NA,FALSE,NA,11,philosophical_dialogue,attic,Xenophon,FALSE,P,Agent
10204,Xenophon (0032),On the Cavalry Commander (012),4.12.1,ἔτι δὲ τῷ κρυπτὰς ἔχοντι φυλακὰς ἐξέσται μὲν φανεροῖς ὀλίγοις ἔμπροσθεν τῶν κρυπτῶν φυλάττοντα πειρᾶσθαι τοὺς πολεμίους εἰς ἐνέδρας ὑπάγειν·,ἐξέσται,ἔξεστι,FALSE,TRUE,πειρᾶσθαι,πειρᾶσθαι,NA,NA,NA,FALSE,τῷ ... ἔχοντι,τῷ ... ἔχοντι,NA,NA,φυλάττοντα,φυλάττοντα,P,NA,NA,NA,NA,NA,NA,NA,NA,NA,FALSE,NA,FALSE,NA,9,other,attic,Xenophon,FALSE,P,Agent
10208,Xenophon (0032),Symposium (004),4.31.1,"νῦν δ’ ἐπειδὴ τῶν ὑπερορίων στέρομαι καὶ τὰ ἔγγεια οὐ καρποῦμαι καὶ τὰ ἐκ τῆς οἰκίας πέπραται, ἡδέως μὲν καθεύδω ἐκτεταμένος, πιστὸς δὲ τῇ πόλει γεγένημαι, οὐκέτι δὲ ἀπειλοῦμαι, ἀλλ’ ἤδη ἀπειλῶ ἄλλοις, ὡς ἐλευθέρῳ τε ἔξεστί μοι καὶ ἀποδημεῖν καὶ ἐπιδημεῖν·",ἔξεστί,ἔξεστι,FALSE,TRUE,ἀποδημεῖν,ἀποδημεῖν,NA,NA,NA,FALSE,μοι,μοι,NA,NA,ἐλευθέρῳ,ἐλευθέρῳ,A,NA,NA,NA,NA,NA,NA,NA,NA,NA,TRUE,NA,TRUE,Comentar possibilidade de ser externo,-3,philosophical_dialogue,attic,Xenophon,FALSE,A,Agent
10216,Xenophon (0032),Hellenica (001),5.4.60.3,ἐξεῖναι γὰρ σφίσι ναῦς πληρώσαντας πολὺ πλείους τῶν Ἀθηναίων ἑλεῖν λιμῷ τὴν πόλιν αὐτῶν·,ἐξεῖναι,ἔξεστι,FALSE,TRUE,ἑλεῖν,ἑλεῖν,NA,NA,NA,FALSE,σφίσι,σφίσι,NA,NA,πληρώσαντας,πληρώσαντας,P,NA,NA,NA,NA,NA,NA,NA,NA,NA,FALSE,NA,FALSE,NA,2,historiography,attic,Xenophon,FALSE,P,Agent
10220,Xenophon (0032),Memorabilia (002),3.9.9.4,ἐξεῖναι γὰρ αὐτοῖς ἰέναι πράξοντας τὰ βελτίω τούτων.,ἐξεῖναι,ἔξεστι,FALSE,TRUE,ἰέναι,ἰέναι,NA,NA,NA,FALSE,αὐτοῖς,αὐτοῖς,NA,NA,πράξοντας,πράξοντας,P,NA,NA,NA,NA,NA,NA,NA,NA,NA,FALSE,NA,FALSE,NA,2,philosophical_dialogue,attic,Xenophon,FALSE,P,Agent
10224,Xenophon (0032),Memorabilia (002),2.6.36.7,ἃ δὴ καὶ ἐγὼ πεισθεὶς ὀρθῶς ἔχειν ἡγοῦμαι οὐκ ἐξεῖναί μοι περὶ σοῦ λέγειν ἐπαινοῦντι οὐδὲν ὅ τι ἂν μὴ ἀληθεύω.,ἐξεῖναί,ἔξεστι,FALSE,TRUE,λέγειν,λέγειν,NA,NA,NA,FALSE,μοι,μοι,NA,NA,ἐπαινοῦντι,ἐπαινοῦντι,P,NA,NA,NA,NA,NA,NA,NA,NA,NA,TRUE,NA,FALSE,NA,4,philosophical_dialogue,attic,Xenophon,FALSE,P,Agent
10226,Xenophon (0032),Hiero (008),6.11.3,"πιστὸν δὲ ἕνα πολὺ χαλεπώτερον εὑρεῖν ἢ πάνυ πολλοὺς ἐργάτας ὁποίου βούλει ἔργου, ἄλλως τε καὶ ὁπόταν χρημάτων μὲν ἕνεκα παρῶσιν οἱ φυλάττοντες, ἐξῇ δ’ αὐτοῖς ἐν ὀλίγῳ χρόνῳ πολὺ πλείω λαβεῖν ἀποκτείνασι τὸν τύραννον ἢ ὅσα πολὺν χρόνον φυλάττοντες παρὰ τοῦ τυράννου λαμβάνουσιν.",ἐξῇ,ἔξεστι,FALSE,TRUE,λαβεῖν,λαβεῖν,NA,NA,NA,FALSE,αὐτοῖς,αὐτοῖς,NA,NA,ἀποκτείνασι,ἀποκτείνασι,P,NA,NA,NA,NA,NA,NA,NA,NA,NA,TRUE,NA,FALSE,NA,7,philosophical_dialogue,attic,Xenophon,FALSE,P,Agent
10228,Xenophon (0032),Agesilaus (009),2.12.3,"ἐξὸν γὰρ αὐτῷ παρέντι τοὺς διαπίπτοντας ἑπομένῳ χειροῦσθαι τοὺς ὄπισθεν οὐκ ἐποίησε τοῦτο, ἀλλ’ ἀντιμέτωπος συνέρραξε τοῖς Θηβαίοις.",ἐξὸν,ἔξεστι,FALSE,TRUE,χειροῦσθαι,χειροῦσθαι,NA,NA,NA,FALSE,αὐτῷ,αὐτῷ,NA,NA,"παρέντι, ἑπομένῳ",παρέντι,P,ἑπομένῳ,P,NA,NA,NA,NA,NA,NA,NA,TRUE,TRUE,TRUE,Comentar o efeito do primeiro particípio,1,historiography,attic,Xenophon,FALSE,P,Agent
10240,Xenophon (0032),Hellenica (001),4.3.19.3,"ἐξὸν γὰρ αὐτῷ παρέντι τοὺς διαπίπτοντας ἀκολουθοῦντι χειροῦσθαι τοὺς ὄπισθεν, οὐκ ἐποίησε τοῦτο, ἀλλ’ ἀντιμέτωπος συνέρραξε τοῖς Θηβαίοις·",ἐξὸν,ἔξεστι,FALSE,TRUE,χειροῦσθαι,χειροῦσθαι,NA,NA,NA,FALSE,αὐτῷ,αὐτῷ,NA,NA,"παρέντι, ἀκολουθοῦντι",παρέντι,P,ἀκολουθοῦντι,P,NA,NA,NA,NA,NA,NA,NA,TRUE,TRUE,TRUE,Estranho ainda,1,historiography,attic,Xenophon,FALSE,P,Agent
10299,Xenophon (0032),Hellenica (001),6.1.13.5,"ὁ δ’ ἐπαινέσας με καὶ εἰπὼν ὅτι μᾶλλον ἑκτέον μου εἴη, ὅτι τοιοῦτος εἴην, ἀφῆκέ μοι ἐλθόντι πρὸς ὑμᾶς λέγειν τἀληθῆ, ὅτι διανοοῖτο στρατεύειν ἐπὶ Φαρσαλίους, εἰ μὴ πεισοίμεθα.",ἀφῆκέ,ἀφίημι,TRUE,FALSE,λέγειν,λέγειν,NA,NA,NA,FALSE,μοι,μοι,NA,NA,ἐλθόντι,ἐλθόντι,P,NA,NA,NA,NA,NA,NA,NA,NA,NA,TRUE,NA,FALSE,NA,1,historiography,attic,Xenophon,FALSE,P,Recipient
10326,Xenophon (0032),Anabasis (006),6.6.33.1,"δέονται δέ σου καὶ τοῦτο, παραγενόμενον καὶ ἄρξαντα ἑαυτῶν πεῖραν λαβεῖν καὶ Δεξίππου καὶ σφῶν τῶν ἄλλων οἷος ἕκαστός ἐστι, καὶ τὴν ἀξίαν ἑκάστοις νεῖμαι.",δέονται,δέομαι,TRUE,FALSE,πεῖραν,πεῖραν,NA,NA,NA,FALSE,σου,σου,NA,NA,"παραγενόμενον, ἄρξαντα",παραγενόμενον,P,ἄρξαντα,P,NA,NA,NA,NA,NA,NA,NA,FALSE,NA,FALSE,MESTRADO,3,historiography,attic,Xenophon,FALSE,P,Recipient
10567,Xenophon (0032),Cyropaedia (007),6.4.9.3,"ἀλλ’, ὦ Ζεῦ μέγιστε, δός μοι φανῆναι ἀξίῳ μὲν Πανθείας ἀνδρί, ἀξίῳ δὲ Κύρου φίλῳ τοῦ ἡμᾶς τιμήσαντος.",δός,δίδωμι,TRUE,FALSE,φανῆναι,φανῆναι,NA,NA,NA,TRUE,μοι,μοι,NA,NA,"ἀξίῳ... ἀνδρί, ἀξίῳ... φίλῳ",ἀξίῳ... ἀνδρί,N,ἀξίῳ... φίλῳ,S,NA,NA,NA,NA,NA,NA,NA,TRUE,TRUE,FALSE,Comentar coordenação e fanenai,2,historiography,attic,Xenophon,FALSE,N,Recipient
10795,Xenophon (0032),Anabasis (006),1.2.1.3,ἐνταῦθα καὶ παραγγέλλει τῷ τε Κλεάρχῳ λαβόντι ἥκειν ὅσον ἦν αὐτῷ στράτευμα καὶ τῷ Ἀριστίππῳ συναλλαγέντι πρὸς τοὺς οἴκοι ἀποπέμψαι πρὸς ἑαυτὸν ὃ εἶχε στράτευμα·,παραγγέλλει,παραγγέλλω,TRUE,FALSE,"ἥκειν, ἀποπέμψαι",ἥκειν,ἀποπέμψαι,NA,NA,FALSE,"τῷ τε Κλεάρχῳ, τῷ Ἀριστίππῳ",τῷ τε Κλεάρχῳ,τῷ Ἀριστίππῳ,NA,"λαβόντι, συναλλαγέντι",λαβόντι,P,συναλλαγέντι,P,NA,NA,NA,NA,NA,NA,NA,TRUE,NA,FALSE,MESTRADO,1,historiography,attic,Xenophon,FALSE,P,Recipient
10796,Xenophon (0032),Anabasis (006),1.2.1.7,"καὶ Ξενίᾳ τῷ Ἀρκάδι, ὃς αὐτῷ προειστήκει τοῦ ἐν ταῖς πόλεσι ξενικοῦ, ἥκειν παραγγέλλει λαβόντα τοὺς ἄλλους πλὴν ὁπόσοι ἱκανοὶ ἦσαν τὰς ἀκροπόλεις φυλάττειν.",παραγγέλλει,παραγγέλλω,TRUE,FALSE,ἥκειν,ἥκειν,NA,NA,NA,FALSE,Ξενίᾳ τῷ Ἀρκάδι,Ξενίᾳ τῷ Ἀρκάδι,NA,NA,λαβόντα,λαβόντα,P,NA,NA,NA,NA,NA,NA,NA,NA,NA,FALSE,NA,FALSE,MESTRADO,11,historiography,attic,Xenophon,FALSE,P,Recipient
10804,Xenophon (0032),Anabasis (006),4.3.26.1,"καὶ τὰ σκευοφόρα τῶν Ἑλλήνων καὶ ὁ ὄχλος ἀκμὴν διέβαινε, Ξενοφῶν δὲ στρέψας πρὸς τοὺς Καρδούχους ἀντία τὰ ὅπλα ἔθετο, καὶ παρήγγειλε τοῖς λοχαγοῖς κατ’ ἐνωμοτίας ποιήσασθαι ἕκαστον τὸν ἑαυτοῦ λόχον, παρ’ ἀσπίδα παραγαγόντας τὴν ἐνωμοτίαν ἐπὶ φάλαγγος·",παρήγγειλε,παραγγέλλω,TRUE,FALSE,ποιήσασθαι,ποιήσασθαι,NA,NA,NA,FALSE,τοῖς λοχαγοῖς,τοῖς λοχαγοῖς,NA,NA,παραγαγόντας,παραγαγόντας,P,NA,NA,NA,NA,NA,NA,NA,NA,NA,FALSE,NA,FALSE,MESTRADO,10,historiography,attic,Xenophon,FALSE,P,Recipient
10806,Xenophon (0032),Anabasis (006),4.3.29.1,"τοῖς δὲ παρ’ ἑαυτῷ παρήγγειλεν, ἐπειδὰν σφενδόνη ἐξικνῆται καὶ ἀσπὶς ψοφῇ, παιανίσαντας θεῖν εἰς τοὺς πολεμίους, ἐπειδὰν δ’ ἀναστρέψωσιν οἱ πολέμιοι καὶ ἐκ τοῦ ποταμοῦ ὁ σαλπικτὴς σημήνῃ τὸ πολεμικόν, ἀναστρέψαντας ἐπὶ δόρυ ἡγεῖσθαι μὲν τοὺς οὐραγούς, θεῖν δὲ πάντας καὶ διαβαίνειν ὅτι τάχιστα ᾗ ἕκαστος τὴν τάξιν εἶχεν, ὡς μὴ ἐμποδίζειν ἀλλήλους·",παρήγγειλεν,παραγγέλλω,TRUE,FALSE,θεῖν,θεῖν,NA,NA,NA,FALSE,τοῖς δὲ παρ’ ἑαυτῷ,τοῖς δὲ παρ’ ἑαυτῷ,NA,NA,παιανίσαντας,παιανίσαντας,P,NA,NA,NA,NA,NA,NA,NA,NA,NA,FALSE,NA,FALSE,MESTRADO,8,historiography,attic,Xenophon,FALSE,P,Recipient
10809,Xenophon (0032),Anabasis (006),5.2.12.1,"ὁ δὲ τοῖς πελτασταῖς πᾶσι παρήγγειλε διηγκυλωμένους ἰέναι, ὡς, ὁπόταν σημήνῃ, ἀκοντίζειν, καὶ τοὺς τοξότας ἐπιβεβλῆσθαι ἐπὶ ταῖς νευραῖς, ὡς, ὁπόταν σημήνῃ, τοξεύειν δεῆσον, καὶ τοὺς γυμνῆτας λίθων ἔχειν μεστὰς τὰς διφθέρας·",παρήγγειλε,παραγγέλλω,TRUE,FALSE,ἰέναι,ἰέναι,NA,NA,NA,FALSE,τοῖς πελτασταῖς πᾶσι,τοῖς πελτασταῖς πᾶσι,NA,NA,διηγκυλωμένους,διηγκυλωμένους,P,NA,NA,NA,NA,NA,NA,NA,NA,NA,FALSE,NA,FALSE,Verbo de movimento,2,historiography,attic,Xenophon,FALSE,P,Recipient
10818,Xenophon (0032),Cyropaedia (007),2.4.2.1,"ἀκούσας δὲ ταῦτα ὁ Κῦρος παρήγγειλε τῷ πρώτῳ τεταγμένῳ ταξιάρχῳ εἰς μέτωπον στῆναι, ἐφ’ ἑνὸς ἄγοντα τὴν τάξιν, ἐν δεξιᾷ ἔχοντα ἑαυτόν, καὶ τῷ δευτέρῳ ἐκέλευσε ταὐτὸ τοῦτο παραγγεῖλαι, καὶ διὰ πάντων οὕτω παραδιδόναι ἐκέλευσεν.",παρήγγειλε,παραγγέλλω,TRUE,FALSE,στῆναι,στῆναι,NA,NA,NA,FALSE,τῷ πρώτῳ τεταγμένῳ ταξιάρχῳ,τῷ πρώτῳ τεταγμένῳ ταξιάρχῳ,NA,NA,"ἄγοντα, ἔχοντα",ἄγοντα,P,ἔχοντα,NA,NA,NA,NA,NA,NA,NA,NA,FALSE,FALSE,FALSE,MESTRADO,6,historiography,attic,Xenophon,ἔχοντι,P,Recipient
10824,Xenophon (0032),Cyropaedia (007),3.3.34.1,"τῇ δ’ ὑστεραίᾳ πρῲ Κῦρος μὲν ἐστεφανωμένος ἔθυε, παρήγγειλε δὲ καὶ τοῖς ἄλλοις ὁμοτίμοις ἐστεφανωμένοις πρὸς τὰ ἱερὰ παρεῖναι.",παρήγγειλε,παραγγέλλω,TRUE,FALSE,παρεῖναι,παρεῖναι,NA,NA,NA,FALSE,τοῖς ἄλλοις ὁμοτίμοις,τοῖς ἄλλοις ὁμοτίμοις,NA,NA,ἐστεφανωμένοις,ἐστεφανωμένοις,P,NA,NA,NA,NA,NA,NA,NA,NA,NA,TRUE,NA,FALSE,Inf. de movimento,1,historiography,attic,Xenophon,FALSE,P,Recipient
10828,Xenophon (0032),Cyropaedia (007),6.3.21.11,παραγγείλατε δὲ τοῖς ταξιάρχοις καὶ λοχαγοῖς ἐπὶ φάλαγγος καθίστασθαι εἰς δύο ἔχοντας ἕκαστον τὸν λόχον.,παραγγείλατε,παραγγέλλω,TRUE,FALSE,καθίστασθαι,καθίστασθαι,NA,NA,NA,FALSE,τοῖς ταξιάρχοις καὶ λοχαγοῖς,τοῖς ταξιάρχοις καὶ λοχαγοῖς,NA,NA,ἔχοντας,ἔχοντας,P,NA,NA,NA,NA,NA,NA,NA,NA,NA,FALSE,NA,FALSE,NA,6,historiography,attic,Xenophon,FALSE,P,Recipient
10838,Xenophon (0032),Hellenica (001),1.6.37.1,"αὐτὸς δ’, ἐπειδὴ ἐκεῖνοι κατέπλεον, ἔθυε τὰ εὐαγγέλια, καὶ τοῖς στρατιώταις παρήγγειλε δειπνοποιεῖσθαι, καὶ τοῖς ἐμπόροις τὰ χρήματα σιωπῇ ἐνθεμένους εἰς τὰ πλοῖα ἀποπλεῖν εἰς Χίον (ἦν δὲ τὸ πνεῦμα οὔριον) καὶ τὰς τριήρεις τὴν ταχίστην.",παρήγγειλε,παραγγέλλω,TRUE,FALSE,ἀποπλεῖν,ἀποπλεῖν,NA,NA,NA,FALSE,τοῖς ἐμπόροις,τοῖς ἐμπόροις,NA,NA,ἐνθεμένους,ἐνθεμένους,P,NA,NA,NA,NA,NA,NA,NA,NA,NA,FALSE,NA,FALSE,MESTRADO,4,historiography,attic,Xenophon,FALSE,P,Recipient
10839,Xenophon (0032),Hellenica (001),2.3.23.4,"καὶ παραγγείλαντες νεανίσκοις οἳ ἐδόκουν αὐτοῖς θρασύτατοι εἶναι ξιφίδια ὑπὸ μάλης ἔχοντας παραγενέσθαι, συνέλεξαν τὴν βουλήν.",παραγγείλαντες,παραγγέλλω,TRUE,FALSE,παραγενέσθαι,παραγενέσθαι,NA,NA,NA,FALSE,νεανίσκοις,νεανίσκοις,NA,NA,ἔχοντας,ἔχοντας,P,NA,NA,NA,NA,NA,NA,NA,NA,NA,FALSE,NA,TRUE,NA,9,historiography,attic,Xenophon,FALSE,P,Recipient
10891,Xenophon (0032),Cyropaedia (007),3.3.55.1,"ἐπεὶ ἔγωγ’, ἔφη, οὐδ’ ἂν τούτοις ἐπίστευον ἐμμόνοις ἔσεσθαι οὓς νῦν ἔχοντες παρ’ ἡμῖν αὐτοῖς ἠσκοῦμεν, εἰ μὴ καὶ ὑμᾶς ἑώρων παρόντας, οἳ καὶ παράδειγμα αὐτοῖς ἔσεσθε οἵους χρὴ εἶναι καὶ ὑποβαλεῖν δυνήσεσθε, ἤν τι ἐπιλανθάνωνται.",ἐπίστευον,πιστεύω,TRUE,FALSE,ἔσεσθαι,ἔσεσθαι,NA,NA,NA,TRUE,τούτοις,τούτοις,NA,NA,ἐμμόνοις,ἐμμόνοις,P,NA,NA,NA,NA,NA,NA,NA,NA,NA,TRUE,NA,TRUE,NA,2,historiography,attic,Xenophon,FALSE,P,Recipient
11083,Xenophon (0032),Anabasis (006),3.1.5.1,"καὶ ὁ Σωκράτης ὑποπτεύσας μή τι πρὸς τῆς πόλεως ὑπαίτιον εἴη Κύρῳ φίλον γενέσθαι, ὅτι ἐδόκει ὁ Κῦρος προθύμως τοῖς Λακεδαιμονίοις ἐπὶ τὰς Ἀθήνας συμπολεμῆσαι, συμβουλεύει τῷ Ξενοφῶντι ἐλθόντα εἰς Δελφοὺς ἀνακοινῶσαι τῷ θεῷ περὶ τῆς πορείας.",συμβουλεύει,συμβουλεύω,TRUE,FALSE,ἀνακοινῶσαι,ἐλθόντα,NA,NA,NA,FALSE,τῷ Ξενοφῶντι,τῷ Ξενοφῶντι,NA,NA,ἐλθόντα,ἐλθόντα,P,NA,NA,NA,NA,NA,NA,NA,NA,NA,FALSE,NA,FALSE,MESTRADO,1,historiography,attic,Xenophon,FALSE,P,Recipient
11087,Xenophon (0032),Anabasis (006),7.1.30.3,καὶ ὑμῖν δὲ συμβουλεύω Ἕλληνας ὄντας τοῖς τῶν Ἑλλήνων προεστηκόσι πειθομένους πειρᾶσθαι τῶν δικαίων τυγχάνειν.,συμβουλεύω,συμβουλεύω,TRUE,FALSE,πειρᾶσθαι,πειρᾶσθαι,NA,NA,NA,FALSE,ὑμῖν,ὑμῖν,NA,NA,"Ἕλληνας ὄντας, πειθομένους",Ἕλληνας ὄντας,P,πειθομένους,P,NA,NA,NA,NA,NA,NA,NA,FALSE,FALSE,FALSE,Comentar regência do pred.,3,historiography,attic,Xenophon,FALSE,P,Recipient
11102,Xenophon (0032),Cyropaedia (007),4.5.32.1,"συμβουλεύω δέ σοι καίπερ νεώτερος ὢν μὴ ἀφαιρεῖσθαι ἃ ἂν δῷς, ἵνα μή σοι ἀντὶ χαρίτων ἔχθραι ὀφείλωνται, μηδ’ ὅταν τινὰ βούλῃ πρὸς σὲ ταχὺ ἐλθεῖν, ἀπειλοῦντα μεταπέμπεσθαι, μηδὲ φάσκοντα ἔρημον εἶναι ἅμα πολλοῖς ἀπειλεῖν, ἵνα μὴ διδάσκῃς αὐτοὺς σοῦ μὴ φροντίζειν.",συμβουλεύω,συμβουλεύω,TRUE,FALSE,"μεταπέμπεσθαι, εἶναι",μεταπέμπεσθαι,εἶναι,NA,NA,TRUE,σοι,σοι,NA,NA,"ἀπειλοῦντα, φάσκοντα, ἔρημον",ἀπειλοῦντα,P,φάσκοντα,P,ἔρημον,A,NA,NA,NA,NA,NA,FALSE,FALSE,FALSE,MESTRADO,24,historiography,attic,Xenophon,FALSE,P,Recipient
11124,Xenophon (0032),Memorabilia (002),1.3.6.4,τοῖς δὲ μὴ δυναμένοις τοῦτο ποιεῖν συνεβούλευε φυλάττεσθαι τὰ πείθοντα μὴ πεινῶντας ἐσθίειν μηδὲ διψῶντας πίνειν·,συνεβούλευε,συμβουλεύω,TRUE,FALSE,"ἐσθίειν, πίνειν",ἐσθίειν,πίνειν,NA,NA,FALSE,τοῖς δὲ μὴ δυναμένοις,τοῖς δὲ μὴ δυναμένοις,NA,NA,"πεινῶντας, διψῶντας",πεινῶντας,P,διψῶντας,P,NA,NA,NA,NA,NA,NA,NA,FALSE,FALSE,FALSE,MESTRADO,8,philosophical_dialogue,attic,Xenophon,FALSE,P,Recipient
11136,Xenophon (0032),On the Cavalry Commander (012),1.18.3,"συγκαλέσαντα δὲ χρὴ τοὺς ἱππέας συμβουλεῦσαι αὐτοῖς μελετᾶν, καὶ ὅταν εἰς χώραν ἐλαύνωσι καὶ ὅταν ἄλλοσέ ποι, ἐκβιβάζοντας τῶν ὁδῶν καὶ ταχὺ ἐλαύνοντας ἐν τόποις παντοδαποῖς.",συμβουλεῦσαι,συμβουλεύω,TRUE,FALSE,μελετᾶν,μελετᾶν,NA,NA,NA,FALSE,αὐτοῖς,αὐτοῖς,NA,NA,"ἐκβιβάζοντας, ἐλαύνοντας",ἐκβιβάζοντας,P,ἐλαύνοντας,P,NA,NA,NA,NA,NA,NA,NA,FALSE,FALSE,FALSE,MESTRADO,11,other,attic,Xenophon,FALSE,P,Recipient
11147,Isocrates (0010),Plataicus (012),39.1,"εἰ δ’ οὖν καὶ τἀναντία μέλλοιεν ἅπαντα πράξειν, οὐδ’ οὕτως ἡγοῦμαι προσήκειν ὑμῖν τῆς Θηβαίων πόλεως πλείω ποιήσασθαι λόγον ἢ τῶν ὅρκων καὶ τῶν συνθηκῶν, ἐνθυμουμένους πρῶτον μὲν ὡς οὐ τοὺς κινδύνους, ἀλλὰ τὰς ἀδοξίας καὶ τὰς αἰσχύνας φοβεῖσθαι πάτριον ὑμῖν ἐστιν, ἔπειθ’ ὅτι συμβαίνει κρατεῖν ἐν τοῖς πολέμοις οὐ τοὺς βίᾳ τὰς πόλεις καταστρεφομένους, ἀλλὰ τοὺς ὁσιώτερον καὶ πραότερον τὴν Ἑλλάδα διοικοῦντας.",προσήκειν,προσήκω,FALSE,TRUE,ποιήσασθαι,ποιήσασθαι,NA,NA,NA,FALSE,ὑμῖν,ὑμῖν,NA,NA,ἐνθυμουμένους,ἐνθυμουμένους,P,NA,NA,NA,NA,NA,NA,NA,NA,NA,FALSE,NA,FALSE,NA,13,juridical,attic,Isocrates,FALSE,P,Agent
